Date,Total_Equity,Cash,Holdings_Value,Positions_Count,Holdings_Detail,Market_Mode
2023-01-04,100000,60310,39689,1,7013.T(H),HOMERUN
2023-01-05,98816,36266,62550,2,"7013.T(H), 8002.T(H)",HOMERUN
2023-01-06,99427,36266,63160,2,"7013.T(H), 8002.T(H)",HOMERUN
2023-01-10,99653,36266,63386,2,"7013.T(H), 8002.T(H)",HOMERUN
2023-01-11,100774,36266,64508,2,"7013.T(H), 8002.T(H)",GUERRILLA
2023-01-12,101371,22557,78814,3,"7013.T(H), 8002.T(H), 7012.T(G)",GUERRILLA
2023-01-13,101236,22557,78679,3,"7013.T(H), 8002.T(H), 7012.T(G)",GUERRILLA
2023-01-16,98451,21778,76672,3,"7013.T(H), 8002.T(H), 5411.T(G)",GUERRILLA
2023-01-17,99716,21778,77937,3,"7013.T(H), 8002.T(H), 5411.T(G)",GUERRILLA
2023-01-18,101724,21778,79945,3,"7013.T(H), 8002.T(H), 5411.T(G)",GUERRILLA
2023-01-19,100377,21778,78598,3,"7013.T(H), 8002.T(H), 5411.T(G)",GUERRILLA
2023-01-20,101103,21778,79324,3,"7013.T(H), 8002.T(H), 5411.T(G)",GUERRILLA
2023-01-23,102138,13617,88520,4,"7013.T(H), 8002.T(H), 5411.T(G), 2222.T(G)",GUERRILLA
2023-01-24,103556,28350,75205,3,"7013.T(H), 8002.T(H), 2222.T(G)",GUERRILLA
2023-01-25,104150,28350,75799,3,"7013.T(H), 8002.T(H), 2222.T(G)",GUERRILLA
2023-01-26,104586,28350,76235,3,"7013.T(H), 8002.T(H), 2222.T(G)",GUERRILLA
2023-01-27,104575,36069,68505,2,"7013.T(H), 8002.T(H)",GUERRILLA
2023-01-30,103867,36069,67798,2,"7013.T(H), 8002.T(H)",GUERRILLA
2023-01-31,103958,31693,72265,3,"7013.T(H), 8002.T(H), 7735.T(G)",GUERRILLA
2023-02-01,104272,24696,79576,3,"7013.T(H), 8002.T(H), 4385.T(G)",GUERRILLA
2023-02-02,102908,24696,78212,3,"7013.T(H), 8002.T(H), 4385.T(G)",GUERRILLA
2023-02-03,104106,15612,88494,4,"7013.T(H), 8002.T(H), 4385.T(G), 3092.T(G)",GUERRILLA
2023-02-06,105462,9971,95490,5,"7013.T(H), 8002.T(H), 4385.T(G), 3092.T(G), 3436.T(G)",GUERRILLA
2023-02-07,105762,9971,95790,5,"7013.T(H), 8002.T(H), 4385.T(G), 3092.T(G), 3436.T(G)",GUERRILLA
2023-02-08,104695,22471,82223,4,"7013.T(H), 8002.T(H), 3092.T(G), 3436.T(G)",GUERRILLA
2023-02-09,104597,31128,73468,3,"7013.T(H), 8002.T(H), 3436.T(G)",GUERRILLA
2023-02-10,104563,31128,73434,3,"7013.T(H), 8002.T(H), 3436.T(G)",GUERRILLA
2023-02-13,104289,64868,39420,1,7013.T(H),GUERRILLA
2023-02-14,103858,39725,64133,2,"7013.T(H), 5411.T(G)",GUERRILLA
2023-02-15,104642,39725,64916,2,"7013.T(H), 5411.T(G)",GUERRILLA
2023-02-16,105285,9228,96056,4,"7013.T(H), 5411.T(G), 6723.T(H), 7267.T(H)",HOMERUN
2023-02-17,105828,21647,84180,4,"7013.T(H), 6723.T(H), 7267.T(H), 8306.T(H)",HOMERUN
2023-02-20,105516,5312,100203,6,"7013.T(H), 6723.T(H), 7267.T(H), 8306.T(H), 8766.T(H), 9432.T(H)",HOMERUN
2023-02-21,105837,5312,100524,6,"7013.T(H), 6723.T(H), 7267.T(H), 8306.T(H), 8766.T(H), 9432.T(H)",HOMERUN
2023-02-22,104684,5312,99372,6,"7013.T(H), 6723.T(H), 7267.T(H), 8306.T(H), 8766.T(H), 9432.T(H)",HOMERUN
2023-02-24,104885,5312,99572,6,"7013.T(H), 6723.T(H), 7267.T(H), 8306.T(H), 8766.T(H), 9432.T(H)",HOMERUN
2023-02-27,105033,5312,99720,6,"7013.T(H), 6723.T(H), 7267.T(H), 8306.T(H), 8766.T(H), 9432.T(H)",HOMERUN
2023-02-28,104857,5312,99544,6,"7013.T(H), 6723.T(H), 7267.T(H), 8306.T(H), 8766.T(H), 9432.T(H)",HOMERUN
2023-03-01,104373,5312,99060,6,"7013.T(H), 6723.T(H), 7267.T(H), 8306.T(H), 8766.T(H), 9432.T(H)",HOMERUN
2023-03-02,103626,11914,91712,7,"6723.T(H), 7267.T(H), 8306.T(H), 8766.T(H), 9432.T(H), 6301.T(H), 6506.T(H)",HOMERUN
2023-03-03,104744,7852,96892,8,"6723.T(H), 7267.T(H), 8306.T(H), 8766.T(H), 9432.T(H), 6301.T(H), 6506.T(H), 6501.T(H)",HOMERUN
2023-03-06,105647,7852,97794,8,"6723.T(H), 7267.T(H), 8306.T(H), 8766.T(H), 9432.T(H), 6301.T(H), 6506.T(H), 6501.T(H)",HOMERUN
2023-03-07,105754,7852,97901,8,"6723.T(H), 7267.T(H), 8306.T(H), 8766.T(H), 9432.T(H), 6301.T(H), 6506.T(H), 6501.T(H)",HOMERUN
2023-03-08,106469,7852,98616,8,"6723.T(H), 7267.T(H), 8306.T(H), 8766.T(H), 9432.T(H), 6301.T(H), 6506.T(H), 6501.T(H)",HOMERUN
2023-03-09,107592,7852,99739,8,"6723.T(H), 7267.T(H), 8306.T(H), 8766.T(H), 9432.T(H), 6301.T(H), 6506.T(H), 6501.T(H)",HOMERUN
2023-03-10,105343,14143,91200,8,"6723.T(H), 7267.T(H), 8766.T(H), 9432.T(H), 6301.T(H), 6506.T(H), 6501.T(H), 6503.T(H)",HOMERUN
2023-03-13,103549,7654,95894,9,"6723.T(H), 7267.T(H), 8766.T(H), 9432.T(H), 6301.T(H), 6506.T(H), 6503.T(H), 4063.T(H), 6501.T(H)",HOMERUN
2023-03-14,101084,11442,89641,6,"6723.T(H), 7267.T(H), 6506.T(H), 4063.T(H), 6503.T(H), 6902.T(H)",HOMERUN
2023-03-15,101697,7279,94418,8,"6723.T(H), 7267.T(H), 6506.T(H), 4063.T(H), 6503.T(H), 6902.T(H), 6981.T(H), 8031.T(H)",HOMERUN
2023-03-16,99688,61527,38161,3,"6723.T(H), 6503.T(H), 6981.T(H)",GUERRILLA
2023-03-17,100099,37892,62206,4,"6723.T(H), 6503.T(H), 6981.T(H), 2222.T(G)",GUERRILLA
2023-03-20,98679,37892,60786,4,"6723.T(H), 6503.T(H), 6981.T(H), 2222.T(G)",GUERRILLA
2023-03-22,99947,37892,62054,4,"6723.T(H), 6503.T(H), 6981.T(H), 2222.T(G)",GUERRILLA
2023-03-23,100154,22876,77277,5,"6723.T(H), 6503.T(H), 6981.T(H), 2222.T(G), 3993.T(G)",GUERRILLA
2023-03-24,99839,18956,80882,6,"6723.T(H), 6503.T(H), 6981.T(H), 2222.T(G), 3993.T(G), 4063.T(H)",HOMERUN
2023-03-27,100360,12259,88101,7,"6723.T(H), 6503.T(H), 6981.T(H), 2222.T(G), 3993.T(G), 4063.T(H), 6501.T(H)",HOMERUN
2023-03-28,99918,7922,91996,8,"6723.T(H), 6503.T(H), 6981.T(H), 2222.T(G), 3993.T(G), 4063.T(H), 6501.T(H), 4661.T(H)",HOMERUN
2023-03-29,102247,7922,94325,8,"6723.T(H), 6503.T(H), 6981.T(H), 2222.T(G), 3993.T(G), 4063.T(H), 6501.T(H), 4661.T(H)",HOMERUN
2023-03-30,102517,17969,84547,9,"6723.T(H), 6503.T(H), 6981.T(H), 3993.T(G), 4063.T(H), 6501.T(H), 4661.T(H), 6902.T(H), 7267.T(H)",HOMERUN
2023-03-31,103777,5481,98296,11,"6723.T(H), 6503.T(H), 6981.T(H), 3993.T(G), 4063.T(H), 6501.T(H), 4661.T(H), 6902.T(H), 7267.T(H), 6758.T(H), 7751.T(H)",HOMERUN
2023-04-03,104069,5481,98587,11,"6723.T(H), 6503.T(H), 6981.T(H), 3993.T(G), 4063.T(H), 6501.T(H), 4661.T(H), 6902.T(H), 7267.T(H), 6758.T(H), 7751.T(H)",HOMERUN
2023-04-04,103942,5481,98460,11,"6723.T(H), 6503.T(H), 6981.T(H), 3993.T(G), 4063.T(H), 6501.T(H), 4661.T(H), 6902.T(H), 7267.T(H), 6758.T(H), 7751.T(H)",HOMERUN
2023-04-05,101656,13997,87658,11,"6723.T(H), 6503.T(H), 6981.T(H), 4063.T(H), 6501.T(H), 4661.T(H), 6902.T(H), 7267.T(H), 6758.T(H), 7751.T(H), 6857.T(H)",HOMERUN
2023-04-06,100076,24598,75477,9,"6723.T(H), 6503.T(H), 6981.T(H), 6501.T(H), 4661.T(H), 6902.T(H), 7267.T(H), 7751.T(H), 6857.T(H)",HOMERUN
2023-04-07,100457,19318,81139,10,"6723.T(H), 6503.T(H), 6981.T(H), 6501.T(H), 4661.T(H), 6902.T(H), 7267.T(H), 7751.T(H), 6857.T(H), 6506.T(H)",HOMERUN
2023-04-10,100974,14145,86829,11,"6723.T(H), 6503.T(H), 6981.T(H), 6501.T(H), 4661.T(H), 6902.T(H), 7267.T(H), 7751.T(H), 6857.T(H), 6506.T(H), 7974.T(H)",HOMERUN
2023-04-11,101757,9052,92704,12,"6723.T(H), 6503.T(H), 6981.T(H), 6501.T(H), 4661.T(H), 6902.T(H), 7267.T(H), 7751.T(H), 6857.T(H), 6506.T(H), 7974.T(H), 8002.T(H)",HOMERUN
2023-04-12,102427,9052,93374,12,"6723.T(H), 6503.T(H), 6981.T(H), 6501.T(H), 4661.T(H), 6902.T(H), 7267.T(H), 7751.T(H), 6857.T(H), 6506.T(H), 7974.T(H), 8002.T(H)",HOMERUN
2023-04-13,102396,9052,93343,12,"6723.T(H), 6503.T(H), 6981.T(H), 6501.T(H), 4661.T(H), 6902.T(H), 7267.T(H), 7751.T(H), 6857.T(H), 6506.T(H), 7974.T(H), 8002.T(H)",HOMERUN
2023-04-14,103157,9052,94104,12,"6723.T(H), 6503.T(H), 6981.T(H), 6501.T(H), 4661.T(H), 6902.T(H), 7267.T(H), 7751.T(H), 6857.T(H), 6506.T(H), 7974.T(H), 8002.T(H)",HOMERUN
2023-04-17,103559,9052,94506,12,"6723.T(H), 6503.T(H), 6981.T(H), 6501.T(H), 4661.T(H), 6902.T(H), 7267.T(H), 7751.T(H), 6857.T(H), 6506.T(H), 7974.T(H), 8002.T(H)",HOMERUN
2023-04-18,103938,9052,94885,12,"6723.T(H), 6503.T(H), 6981.T(H), 6501.T(H), 4661.T(H), 6902.T(H), 7267.T(H), 7751.T(H), 6857.T(H), 6506.T(H), 7974.T(H), 8002.T(H)",HOMERUN
2023-04-19,104200,9052,95147,12,"6723.T(H), 6503.T(H), 6981.T(H), 6501.T(H), 4661.T(H), 6902.T(H), 7267.T(H), 7751.T(H), 6857.T(H), 6506.T(H), 7974.T(H), 8002.T(H)",HOMERUN
2023-04-20,104231,9052,95178,12,"6723.T(H), 6503.T(H), 6981.T(H), 6501.T(H), 4661.T(H), 6902.T(H), 7267.T(H), 7751.T(H), 6857.T(H), 6506.T(H), 7974.T(H), 8002.T(H)",HOMERUN
2023-04-21,103936,2994,100941,13,"6723.T(H), 6503.T(H), 6981.T(H), 6501.T(H), 6902.T(H), 7267.T(H), 7751.T(H), 6857.T(H), 6506.T(H), 7974.T(H), 8002.T(H), 6702.T(H), 8411.T(H)",HOMERUN
2023-04-24,104222,2994,101227,13,"6723.T(H), 6503.T(H), 6981.T(H), 6501.T(H), 6902.T(H), 7267.T(H), 7751.T(H), 6857.T(H), 6506.T(H), 7974.T(H), 8002.T(H), 6702.T(H), 8411.T(H)",HOMERUN
2023-04-25,105223,2994,102228,13,"6723.T(H), 6503.T(H), 6981.T(H), 6501.T(H), 6902.T(H), 7267.T(H), 7751.T(H), 6857.T(H), 6506.T(H), 7974.T(H), 8002.T(H), 6702.T(H), 8411.T(H)",GUERRILLA
2023-04-26,103785,33301,70483,11,"6723.T(H), 6981.T(H), 6902.T(H), 7267.T(H), 7751.T(H), 6857.T(H), 6506.T(H), 7974.T(H), 8002.T(H), 6702.T(H), 4483.T(G)",GUERRILLA
2023-04-27,104234,23660,80574,11,"6723.T(H), 6981.T(H), 6902.T(H), 7267.T(H), 7751.T(H), 6506.T(H), 7974.T(H), 8002.T(H), 6702.T(H), 4483.T(G), 6301.T(H)",HOMERUN
2023-04-28,105506,15747,89758,12,"6723.T(H), 6981.T(H), 6902.T(H), 7267.T(H), 7751.T(H), 6506.T(H), 7974.T(H), 8002.T(H), 6702.T(H), 4483.T(G), 6301.T(H), 4543.T(H)",HOMERUN
2023-05-01,106234,15747,90486,12,"6723.T(H), 6981.T(H), 6902.T(H), 7267.T(H), 7751.T(H), 6506.T(H), 7974.T(H), 8002.T(H), 6702.T(H), 4483.T(G), 6301.T(H), 4543.T(H)",HOMERUN
2023-05-02,106387,15747,90639,12,"6723.T(H), 6981.T(H), 6902.T(H), 7267.T(H), 7751.T(H), 6506.T(H), 7974.T(H), 8002.T(H), 6702.T(H), 4483.T(G), 6301.T(H), 4543.T(H)",HOMERUN
2023-05-08,106111,15747,90363,12,"6723.T(H), 6981.T(H), 6902.T(H), 7267.T(H), 7751.T(H), 6506.T(H), 7974.T(H), 8002.T(H), 6702.T(H), 4483.T(G), 6301.T(H), 4543.T(H)",GUERRILLA
2023-05-09,107086,15747,91338,12,"6723.T(H), 6981.T(H), 6902.T(H), 7267.T(H), 7751.T(H), 6506.T(H), 7974.T(H), 8002.T(H), 6702.T(H), 4483.T(G), 6301.T(H), 4543.T(H)",GUERRILLA
2023-05-10,107084,13138,93946,12,"6723.T(H), 6981.T(H), 6902.T(H), 7267.T(H), 7751.T(H), 6506.T(H), 7974.T(H), 8002.T(H), 6702.T(H), 6301.T(H), 4543.T(H), 1605.T(G)",GUERRILLA
2023-05-11,106867,13138,93728,12,"6723.T(H), 6981.T(H), 6902.T(H), 7267.T(H), 7751.T(H), 6506.T(H), 7974.T(H), 8002.T(H), 6702.T(H), 6301.T(H), 4543.T(H), 1605.T(G)",GUERRILLA
2023-05-12,108128,13138,94989,12,"6723.T(H), 6981.T(H), 6902.T(H), 7267.T(H), 7751.T(H), 6506.T(H), 7974.T(H), 8002.T(H), 6702.T(H), 6301.T(H), 4543.T(H), 1605.T(G)",GUERRILLA
2023-05-15,108413,13138,95274,12,"6723.T(H), 6981.T(H), 6902.T(H), 7267.T(H), 7751.T(H), 6506.T(H), 7974.T(H), 8002.T(H), 6702.T(H), 6301.T(H), 4543.T(H), 1605.T(G)",GUERRILLA
2023-05-16,109485,13138,96347,12,"6723.T(H), 6981.T(H), 6902.T(H), 7267.T(H), 7751.T(H), 6506.T(H), 7974.T(H), 8002.T(H), 6702.T(H), 6301.T(H), 4543.T(H), 1605.T(G)",GUERRILLA
2023-05-17,108924,13138,95786,12,"6723.T(H), 6981.T(H), 6902.T(H), 7267.T(H), 7751.T(H), 6506.T(H), 7974.T(H), 8002.T(H), 6702.T(H), 6301.T(H), 4543.T(H), 1605.T(G)",GUERRILLA
2023-05-18,111516,13138,98378,12,"6723.T(H), 6981.T(H), 6902.T(H), 7267.T(H), 7751.T(H), 6506.T(H), 7974.T(H), 8002.T(H), 6702.T(H), 6301.T(H), 4543.T(H), 1605.T(G)",GUERRILLA
2023-05-19,111836,13138,98698,12,"6723.T(H), 6981.T(H), 6902.T(H), 7267.T(H), 7751.T(H), 6506.T(H), 7974.T(H), 8002.T(H), 6702.T(H), 6301.T(H), 4543.T(H), 1605.T(G)",GUERRILLA
2023-05-22,111990,30906,81084,11,"6981.T(H), 6902.T(H), 7267.T(H), 7751.T(H), 6506.T(H), 7974.T(H), 8002.T(H), 6702.T(H), 6301.T(H), 4543.T(H), 1605.T(G)",GUERRILLA
2023-05-23,111670,30906,80763,11,"6981.T(H), 6902.T(H), 7267.T(H), 7751.T(H), 6506.T(H), 7974.T(H), 8002.T(H), 6702.T(H), 6301.T(H), 4543.T(H), 1605.T(G)",GUERRILLA
2023-05-24,111727,44880,66847,9,"6981.T(H), 6902.T(H), 7267.T(H), 7751.T(H), 6506.T(H), 8002.T(H), 6702.T(H), 6301.T(H), 4543.T(H)",GUERRILLA
2023-05-25,111596,44880,66716,9,"6981.T(H), 6902.T(H), 7267.T(H), 7751.T(H), 6506.T(H), 8002.T(H), 6702.T(H), 6301.T(H), 4543.T(H)",GUERRILLA
2023-05-26,111726,27231,84494,10,"6981.T(H), 6902.T(H), 7267.T(H), 7751.T(H), 6506.T(H), 8002.T(H), 6702.T(H), 6301.T(H), 4543.T(H), 1605.T(G)",GUERRILLA
2023-05-29,112788,27231,85556,10,"6981.T(H), 6902.T(H), 7267.T(H), 7751.T(H), 6506.T(H), 8002.T(H), 6702.T(H), 6301.T(H), 4543.T(H), 1605.T(G)",GUERRILLA
2023-05-30,112837,27231,85605,10,"6981.T(H), 6902.T(H), 7267.T(H), 7751.T(H), 6506.T(H), 8002.T(H), 6702.T(H), 6301.T(H), 4543.T(H), 1605.T(G)",GUERRILLA
2023-05-31,110852,55277,55574,6,"7267.T(H), 7751.T(H), 6702.T(H), 6301.T(H), 4543.T(H), 1605.T(G)",GUERRILLA
2023-06-01,111209,49072,62136,6,"7267.T(H), 7751.T(H), 6702.T(H), 6301.T(H), 4543.T(H), 4385.T(G)",GUERRILLA
2023-06-02,111326,49072,62254,6,"7267.T(H), 7751.T(H), 6702.T(H), 6301.T(H), 4543.T(H), 4385.T(G)",GUERRILLA
2023-06-05,112987,31961,81025,7,"7267.T(H), 7751.T(H), 6702.T(H), 6301.T(H), 4543.T(H), 4385.T(G), 6890.T(G)",GUERRILLA
2023-06-06,113985,31961,82023,7,"7267.T(H), 7751.T(H), 6702.T(H), 6301.T(H), 4543.T(H), 4385.T(G), 6890.T(G)",GUERRILLA
2023-06-07,113182,29348,83833,8,"7267.T(H), 7751.T(H), 6702.T(H), 6301.T(H), 4543.T(H), 4385.T(G), 6890.T(G), 2768.T(G)",GUERRILLA
2023-06-08,111516,39546,71970,5,"6702.T(H), 6301.T(H), 4385.T(G), 2768.T(G), 3993.T(G)",GUERRILLA
2023-06-09,112615,39546,73069,5,"6702.T(H), 6301.T(H), 4385.T(G), 2768.T(G), 3993.T(G)",GUERRILLA
2023-06-12,114735,93031,21703,2,"6702.T(H), 6301.T(H)",GUERRILLA
2023-06-13,115193,93031,22161,2,"6702.T(H), 6301.T(H)",GUERRILLA
2023-06-14,116111,93031,23080,2,"6702.T(H), 6301.T(H)",GUERRILLA
2023-06-15,116082,58023,58058,3,"6702.T(H), 6301.T(H), 2413.T(G)",GUERRILLA
2023-06-16,116642,75100,41542,2,"6702.T(H), 2413.T(G)",GUERRILLA
2023-06-19,116191,75100,41091,2,"6702.T(H), 2413.T(G)",GUERRILLA
2023-06-20,115948,75100,40848,2,"6702.T(H), 2413.T(G)",GUERRILLA
2023-06-21,115568,50556,65011,4,"6702.T(H), 2413.T(G), 2768.T(G), 4180.T(G)",GUERRILLA
2023-06-22,115012,50556,64455,4,"6702.T(H), 2413.T(G), 2768.T(G), 4180.T(G)",GUERRILLA
2023-06-23,113439,18910,94529,5,"6702.T(H), 2768.T(G), 4180.T(G), 3436.T(G), 3687.T(G)",GUERRILLA
2023-06-26,112412,31025,81387,6,"6702.T(H), 2768.T(G), 3436.T(G), 3687.T(G), 2222.T(G), 9104.T(G)",GUERRILLA
2023-06-27,110977,23795,87182,7,"6702.T(H), 2768.T(G), 3436.T(G), 3687.T(G), 2222.T(G), 9104.T(G), 6027.T(G)",GUERRILLA
2023-06-28,111980,23795,88185,7,"6702.T(H), 2768.T(G), 3436.T(G), 3687.T(G), 2222.T(G), 9104.T(G), 6027.T(G)",GUERRILLA
2023-06-29,113206,16929,96276,8,"6702.T(H), 2768.T(G), 3436.T(G), 3687.T(G), 2222.T(G), 9104.T(G), 6027.T(G), 4385.T(G)",GUERRILLA
2023-06-30,114584,24593,89991,7,"6702.T(H), 2768.T(G), 3436.T(G), 3687.T(G), 2222.T(G), 9104.T(G), 4385.T(G)",GUERRILLA
2023-07-03,114867,22878,91988,8,"6702.T(H), 2768.T(G), 3436.T(G), 3687.T(G), 2222.T(G), 9104.T(G), 4385.T(G), 6315.T(G)",GUERRILLA
2023-07-04,114377,24877,89499,7,"6702.T(H), 2768.T(G), 3436.T(G), 3687.T(G), 9104.T(G), 4385.T(G), 6315.T(G)",GUERRILLA
2023-07-05,114178,28028,86149,6,"6702.T(H), 2768.T(G), 3436.T(G), 3687.T(G), 4385.T(G), 6315.T(G)",GUERRILLA
2023-07-06,112573,21107,91465,7,"6702.T(H), 2768.T(G), 3436.T(G), 3687.T(G), 4385.T(G), 6315.T(G), 5032.T(G)",GUERRILLA
2023-07-07,112468,21107,91360,7,"6702.T(H), 2768.T(G), 3436.T(G), 3687.T(G), 4385.T(G), 6315.T(G), 5032.T(G)",GUERRILLA
2023-07-10,112024,27151,84873,6,"6702.T(H), 2768.T(G), 3436.T(G), 3687.T(G), 4385.T(G), 1605.T(G)",GUERRILLA
2023-07-11,114523,37887,76635,6,"6702.T(H), 2768.T(G), 3687.T(G), 4385.T(G), 1605.T(G), 8766.T(H)",HOMERUN
2023-07-12,113255,13337,99918,8,"6702.T(H), 2768.T(G), 3687.T(G), 4385.T(G), 1605.T(G), 8766.T(H), 7974.T(H), 8035.T(H)",HOMERUN
2023-07-13,115087,9497,105590,9,"6702.T(H), 2768.T(G), 3687.T(G), 4385.T(G), 1605.T(G), 8766.T(H), 7974.T(H), 8035.T(H), 8316.T(H)",HOMERUN
2023-07-14,115061,8446,106615,10,"6702.T(H), 2768.T(G), 3687.T(G), 4385.T(G), 1605.T(G), 7974.T(H), 8035.T(H), 8316.T(H), 6503.T(H), 7267.T(H)",HOMERUN
2023-07-18,115302,8446,106855,10,"6702.T(H), 2768.T(G), 3687.T(G), 4385.T(G), 1605.T(G), 7974.T(H), 8035.T(H), 8316.T(H), 6503.T(H), 7267.T(H)",HOMERUN
2023-07-19,116960,8446,108513,10,"6702.T(H), 2768.T(G), 3687.T(G), 4385.T(G), 1605.T(G), 7974.T(H), 8035.T(H), 8316.T(H), 6503.T(H), 7267.T(H)",HOMERUN
2023-07-20,116626,11597,105028,9,"6702.T(H), 2768.T(G), 3687.T(G), 4385.T(G), 7974.T(H), 8035.T(H), 8316.T(H), 6503.T(H), 7267.T(H)",HOMERUN
2023-07-21,114780,7504,107276,10,"6702.T(H), 2768.T(G), 3687.T(G), 4385.T(G), 7974.T(H), 8035.T(H), 8316.T(H), 6503.T(H), 7267.T(H), 8411.T(H)",HOMERUN
2023-07-24,115990,7504,108485,10,"6702.T(H), 2768.T(G), 3687.T(G), 4385.T(G), 7974.T(H), 8035.T(H), 8316.T(H), 6503.T(H), 7267.T(H), 8411.T(H)",HOMERUN
2023-07-25,116104,7504,108600,10,"6702.T(H), 2768.T(G), 3687.T(G), 4385.T(G), 7974.T(H), 8035.T(H), 8316.T(H), 6503.T(H), 7267.T(H), 8411.T(H)",HOMERUN
2023-07-26,115646,7504,108142,10,"6702.T(H), 2768.T(G), 3687.T(G), 4385.T(G), 7974.T(H), 8035.T(H), 8316.T(H), 6503.T(H), 7267.T(H), 8411.T(H)",HOMERUN
2023-07-27,116235,7504,108731,10,"6702.T(H), 2768.T(G), 3687.T(G), 4385.T(G), 7974.T(H), 8035.T(H), 8316.T(H), 6503.T(H), 7267.T(H), 8411.T(H)",HOMERUN
2023-07-28,116469,10355,106113,10,"6702.T(H), 2768.T(G), 3687.T(G), 7974.T(H), 8035.T(H), 8316.T(H), 6503.T(H), 7267.T(H), 8411.T(H), 4543.T(H)",HOMERUN
2023-07-31,117473,3171,114302,12,"6702.T(H), 2768.T(G), 3687.T(G), 7974.T(H), 8035.T(H), 8316.T(H), 6503.T(H), 7267.T(H), 8411.T(H), 4543.T(H), 6501.T(H), 6301.T(H)",HOMERUN
2023-08-01,117520,13364,104156,11,"6702.T(H), 3687.T(G), 7974.T(H), 8035.T(H), 8316.T(H), 7267.T(H), 8411.T(H), 4543.T(H), 6501.T(H), 6301.T(H), 6902.T(H)",HOMERUN
2023-08-02,115947,3705,112241,13,"6702.T(H), 3687.T(G), 7974.T(H), 8035.T(H), 8316.T(H), 7267.T(H), 8411.T(H), 4543.T(H), 6501.T(H), 6301.T(H), 6902.T(H), 6723.T(H), 8058.T(H)",HOMERUN
2023-08-03,113985,23408,90576,12,"6702.T(H), 3687.T(G), 7974.T(H), 8316.T(H), 7267.T(H), 8411.T(H), 4543.T(H), 6501.T(H), 6301.T(H), 6902.T(H), 6723.T(H), 8058.T(H)",HOMERUN
2023-08-04,113487,13435,100052,11,"6702.T(H), 7974.T(H), 8316.T(H), 7267.T(H), 8411.T(H), 6501.T(H), 6301.T(H), 6902.T(H), 8058.T(H), 7011.T(H), 8306.T(H)",HOMERUN
2023-08-07,113602,20215,93386,10,"6702.T(H), 7974.T(H), 8316.T(H), 7267.T(H), 8411.T(H), 6501.T(H), 6301.T(H), 8058.T(H), 7011.T(H), 8306.T(H)",HOMERUN
2023-08-08,114559,20215,94344,10,"6702.T(H), 7974.T(H), 8316.T(H), 7267.T(H), 8411.T(H), 6501.T(H), 6301.T(H), 8058.T(H), 7011.T(H), 8306.T(H)",HOMERUN
2023-08-09,113774,21358,92415,10,"6702.T(H), 7974.T(H), 8316.T(H), 7267.T(H), 8411.T(H), 6501.T(H), 6301.T(H), 8058.T(H), 7011.T(H), 6920.T(H)",HOMERUN
2023-08-10,114545,1879,112666,11,"6702.T(H), 7974.T(H), 8316.T(H), 7267.T(H), 8411.T(H), 6501.T(H), 6301.T(H), 8058.T(H), 7011.T(H), 6920.T(H), 8035.T(H)",HOMERUN
2023-08-14,112947,36429,76518,9,"6702.T(H), 7974.T(H), 8316.T(H), 8411.T(H), 6501.T(H), 6301.T(H), 8058.T(H), 7011.T(H), 8035.T(H)",HOMERUN
2023-08-15,113604,15357,98247,10,"6702.T(H), 7974.T(H), 8316.T(H), 8411.T(H), 6501.T(H), 6301.T(H), 8058.T(H), 7011.T(H), 8035.T(H), 6920.T(H)",HOMERUN
2023-08-16,111928,15357,96570,10,"6702.T(H), 7974.T(H), 8316.T(H), 8411.T(H), 6501.T(H), 6301.T(H), 8058.T(H), 7011.T(H), 8035.T(H), 6920.T(H)",HOMERUN
2023-08-17,111175,6952,104222,10,"7974.T(H), 8316.T(H), 8411.T(H), 6501.T(H), 6301.T(H), 7011.T(H), 8035.T(H), 6920.T(H), 7267.T(H), 8058.T(H)",HOMERUN
2023-08-18,111623,6952,104671,10,"7974.T(H), 8316.T(H), 8411.T(H), 6501.T(H), 6301.T(H), 7011.T(H), 8035.T(H), 6920.T(H), 7267.T(H), 8058.T(H)",HOMERUN
2023-08-21,111897,6952,104945,10,"7974.T(H), 8316.T(H), 8411.T(H), 6501.T(H), 6301.T(H), 7011.T(H), 8035.T(H), 6920.T(H), 7267.T(H), 8058.T(H)",HOMERUN
2023-08-22,114593,6952,107640,10,"7974.T(H), 8316.T(H), 8411.T(H), 6501.T(H), 6301.T(H), 7011.T(H), 8035.T(H), 6920.T(H), 7267.T(H), 8058.T(H)",HOMERUN
2023-08-23,113919,6952,106967,10,"7974.T(H), 8316.T(H), 8411.T(H), 6501.T(H), 6301.T(H), 7011.T(H), 8035.T(H), 6920.T(H), 7267.T(H), 8058.T(H)",HOMERUN
2023-08-24,115496,6952,108544,10,"7974.T(H), 8316.T(H), 8411.T(H), 6501.T(H), 6301.T(H), 7011.T(H), 8035.T(H), 6920.T(H), 7267.T(H), 8058.T(H)",HOMERUN
2023-08-25,112315,6952,105362,10,"7974.T(H), 8316.T(H), 8411.T(H), 6501.T(H), 6301.T(H), 7011.T(H), 8035.T(H), 6920.T(H), 7267.T(H), 8058.T(H)",HOMERUN
2023-08-28,115660,6952,108708,10,"7974.T(H), 8316.T(H), 8411.T(H), 6501.T(H), 6301.T(H), 7011.T(H), 8035.T(H), 6920.T(H), 7267.T(H), 8058.T(H)",HOMERUN
2023-08-29,116068,6952,109115,10,"7974.T(H), 8316.T(H), 8411.T(H), 6501.T(H), 6301.T(H), 7011.T(H), 8035.T(H), 6920.T(H), 7267.T(H), 8058.T(H)",HOMERUN
2023-08-30,117525,6952,110572,10,"7974.T(H), 8316.T(H), 8411.T(H), 6501.T(H), 6301.T(H), 7011.T(H), 8035.T(H), 6920.T(H), 7267.T(H), 8058.T(H)",HOMERUN
2023-08-31,118453,6952,111500,10,"7974.T(H), 8316.T(H), 8411.T(H), 6501.T(H), 6301.T(H), 7011.T(H), 8035.T(H), 6920.T(H), 7267.T(H), 8058.T(H)",HOMERUN
2023-09-01,119134,6952,112181,10,"7974.T(H), 8316.T(H), 8411.T(H), 6501.T(H), 6301.T(H), 7011.T(H), 8035.T(H), 6920.T(H), 7267.T(H), 8058.T(H)",HOMERUN
2023-09-04,120448,6952,113495,10,"7974.T(H), 8316.T(H), 8411.T(H), 6501.T(H), 6301.T(H), 7011.T(H), 8035.T(H), 6920.T(H), 7267.T(H), 8058.T(H)",HOMERUN
2023-09-05,120862,6952,113909,10,"7974.T(H), 8316.T(H), 8411.T(H), 6501.T(H), 6301.T(H), 7011.T(H), 8035.T(H), 6920.T(H), 7267.T(H), 8058.T(H)",HOMERUN
2023-09-06,122754,6952,115801,10,"7974.T(H), 8316.T(H), 8411.T(H), 6501.T(H), 6301.T(H), 7011.T(H), 8035.T(H), 6920.T(H), 7267.T(H), 8058.T(H)",HOMERUN
2023-09-07,122780,6952,115827,10,"7974.T(H), 8316.T(H), 8411.T(H), 6501.T(H), 6301.T(H), 7011.T(H), 8035.T(H), 6920.T(H), 7267.T(H), 8058.T(H)",HOMERUN
2023-09-08,121072,8181,112891,11,"7974.T(H), 8316.T(H), 8411.T(H), 6501.T(H), 6301.T(H), 8035.T(H), 6920.T(H), 7267.T(H), 8058.T(H), 7013.T(H), 7203.T(H)",HOMERUN
2023-09-11,120193,8181,112011,11,"7974.T(H), 8316.T(H), 8411.T(H), 6501.T(H), 6301.T(H), 8035.T(H), 6920.T(H), 7267.T(H), 8058.T(H), 7013.T(H), 7203.T(H)",HOMERUN
2023-09-12,119155,21035,98119,10,"7974.T(H), 8316.T(H), 8411.T(H), 6501.T(H), 6301.T(H), 8035.T(H), 6920.T(H), 7267.T(H), 8058.T(H), 7203.T(H)",GUERRILLA
2023-09-13,119377,21035,98341,10,"7974.T(H), 8316.T(H), 8411.T(H), 6501.T(H), 6301.T(H), 8035.T(H), 6920.T(H), 7267.T(H), 8058.T(H), 7203.T(H)",GUERRILLA
2023-09-14,122038,21035,101003,10,"7974.T(H), 8316.T(H), 8411.T(H), 6501.T(H), 6301.T(H), 8035.T(H), 6920.T(H), 7267.T(H), 8058.T(H), 7203.T(H)",GUERRILLA
2023-09-15,123631,14215,109415,11,"7974.T(H), 8316.T(H), 8411.T(H), 6501.T(H), 6301.T(H), 8035.T(H), 6920.T(H), 7267.T(H), 8058.T(H), 7203.T(H), 2222.T(G)",GUERRILLA
2023-09-19,122570,14215,108355,11,"7974.T(H), 8316.T(H), 8411.T(H), 6501.T(H), 6301.T(H), 8035.T(H), 6920.T(H), 7267.T(H), 8058.T(H), 7203.T(H), 2222.T(G)",GUERRILLA
2023-09-20,121611,9604,112006,12,"7974.T(H), 8316.T(H), 8411.T(H), 6501.T(H), 6301.T(H), 8035.T(H), 6920.T(H), 7267.T(H), 8058.T(H), 7203.T(H), 2222.T(G), 6315.T(G)",GUERRILLA
2023-09-21,121216,25253,95963,11,"7974.T(H), 8316.T(H), 8411.T(H), 6501.T(H), 6301.T(H), 8035.T(H), 6920.T(H), 7267.T(H), 8058.T(H), 2222.T(G), 6315.T(G)",GUERRILLA
2023-09-22,121384,35546,85837,7,"7974.T(H), 8411.T(H), 6501.T(H), 8035.T(H), 6920.T(H), 2222.T(G), 6315.T(G)",GUERRILLA
2023-09-25,123939,40356,83583,6,"7974.T(H), 6501.T(H), 8035.T(H), 6920.T(H), 2222.T(G), 6315.T(G)",GUERRILLA
2023-09-26,123995,46706,77289,6,"7974.T(H), 6501.T(H), 8035.T(H), 6920.T(H), 2222.T(G), 6315.T(G)",GUERRILLA
2023-09-27,124362,46706,77655,6,"7974.T(H), 6501.T(H), 8035.T(H), 6920.T(H), 2222.T(G), 6315.T(G)",GUERRILLA
2023-09-28,125443,30896,94547,7,"7974.T(H), 6501.T(H), 8035.T(H), 6920.T(H), 2222.T(G), 6315.T(G), 8001.T(H)",HOMERUN
2023-09-29,126414,13594,112820,7,"7974.T(H), 6501.T(H), 8035.T(H), 6920.T(H), 8001.T(H), 6301.T(H), 7267.T(H)",HOMERUN
2023-10-02,126439,9119,117320,8,"7974.T(H), 6501.T(H), 8035.T(H), 6920.T(H), 8001.T(H), 6301.T(H), 7267.T(H), 8058.T(H)",HOMERUN
2023-10-03,124132,28269,95862,7,"7974.T(H), 6501.T(H), 8035.T(H), 6920.T(H), 7267.T(H), 8058.T(H), 7011.T(H)",HOMERUN
2023-10-04,121388,96891,24497,2,"7974.T(H), 8035.T(H)",HOMERUN
2023-10-05,121876,69471,52405,3,"7974.T(H), 8035.T(H), 6146.T(H)",HOMERUN
2023-10-06,120966,87904,33062,2,"7974.T(H), 6146.T(H)",HOMERUN
2023-10-10,122110,54327,67782,3,"7974.T(H), 6146.T(H), 8058.T(H)",HOMERUN
2023-10-11,121564,54327,67237,3,"7974.T(H), 6146.T(H), 8058.T(H)",HOMERUN
2023-10-12,124535,7443,117092,5,"7974.T(H), 6146.T(H), 8058.T(H), 6920.T(H), 8035.T(H)",HOMERUN
2023-10-13,122641,7443,115198,5,"7974.T(H), 6146.T(H), 8058.T(H), 6920.T(H), 8035.T(H)",HOMERUN
2023-10-16,120851,7443,113408,5,"7974.T(H), 6146.T(H), 8058.T(H), 6920.T(H), 8035.T(H)",GUERRILLA
2023-10-17,122448,7443,115005,5,"7974.T(H), 6146.T(H), 8058.T(H), 6920.T(H), 8035.T(H)",GUERRILLA
2023-10-18,123188,7443,115745,5,"7974.T(H), 6146.T(H), 8058.T(H), 6920.T(H), 8035.T(H)",GUERRILLA
2023-10-19,119101,16793,102308,5,"7974.T(H), 6146.T(H), 8058.T(H), 6920.T(H), 5253.T(G)",GUERRILLA
2023-10-20,116873,42634,74238,4,"7974.T(H), 8058.T(H), 6920.T(H), 5253.T(G)",GUERRILLA
2023-10-23,115712,51912,63799,3,"7974.T(H), 8058.T(H), 6920.T(H)",GUERRILLA
2023-10-24,114726,108831,5895,1,7974.T(H),GUERRILLA
2023-10-25,114822,108831,5991,1,7974.T(H),GUERRILLA
2023-10-26,114760,108831,5928,1,7974.T(H),GUERRILLA
2023-10-27,114862,108831,6030,1,7974.T(H),GUERRILLA
2023-10-30,114761,108831,5929,1,7974.T(H),GUERRILLA
2023-10-31,114862,108831,6030,1,7974.T(H),GUERRILLA
2023-11-01,114948,108831,6117,1,7974.T(H),GUERRILLA
2023-11-02,114993,66583,48410,2,"7974.T(H), 9107.T(G)",GUERRILLA
2023-11-06,112701,106466,6235,1,7974.T(H),GUERRILLA
2023-11-07,112656,66445,46210,2,"7974.T(H), 7203.T(H)",HOMERUN
2023-11-08,111973,14984,96988,4,"7974.T(H), 7203.T(H), 6758.T(H), 6981.T(H)",HOMERUN
2023-11-09,113254,14984,98269,4,"7974.T(H), 7203.T(H), 6758.T(H), 6981.T(H)",HOMERUN
2023-11-10,112017,29712,82304,3,"7203.T(H), 6981.T(H), 6501.T(H)",HOMERUN
2023-11-13,112320,18399,93920,4,"7203.T(H), 6981.T(H), 6501.T(H), 6503.T(H)",HOMERUN
2023-11-14,112316,15105,97210,5,"7203.T(H), 6981.T(H), 6501.T(H), 6503.T(H), 8766.T(H)",HOMERUN
2023-11-15,113511,4680,108831,7,"7203.T(H), 6981.T(H), 6501.T(H), 6503.T(H), 8766.T(H), 4543.T(H), 7011.T(H)",HOMERUN
2023-11-16,112945,4680,108265,7,"7203.T(H), 6981.T(H), 6501.T(H), 6503.T(H), 8766.T(H), 4543.T(H), 7011.T(H)",HOMERUN
2023-11-17,114283,4680,109602,7,"7203.T(H), 6981.T(H), 6501.T(H), 6503.T(H), 8766.T(H), 4543.T(H), 7011.T(H)",HOMERUN
2023-11-20,112534,4680,107853,7,"7203.T(H), 6981.T(H), 6501.T(H), 6503.T(H), 8766.T(H), 4543.T(H), 7011.T(H)",HOMERUN
2023-11-21,111750,4680,107070,7,"7203.T(H), 6981.T(H), 6501.T(H), 6503.T(H), 8766.T(H), 4543.T(H), 7011.T(H)",HOMERUN
2023-11-22,111882,4680,107201,7,"7203.T(H), 6981.T(H), 6501.T(H), 6503.T(H), 8766.T(H), 4543.T(H), 7011.T(H)",HOMERUN
2023-11-24,114279,4680,109598,7,"7203.T(H), 6981.T(H), 6501.T(H), 6503.T(H), 8766.T(H), 4543.T(H), 7011.T(H)",GUERRILLA
2023-11-27,112850,4680,108170,7,"7203.T(H), 6981.T(H), 6501.T(H), 6503.T(H), 8766.T(H), 4543.T(H), 7011.T(H)",GUERRILLA
2023-11-28,111897,4680,107216,7,"7203.T(H), 6981.T(H), 6501.T(H), 6503.T(H), 8766.T(H), 4543.T(H), 7011.T(H)",GUERRILLA
2023-11-29,111685,4680,107005,7,"7203.T(H), 6981.T(H), 6501.T(H), 6503.T(H), 8766.T(H), 4543.T(H), 7011.T(H)",GUERRILLA
2023-11-30,112477,4680,107797,7,"7203.T(H), 6981.T(H), 6501.T(H), 6503.T(H), 8766.T(H), 4543.T(H), 7011.T(H)",GUERRILLA
2023-12-01,113388,4680,108707,7,"7203.T(H), 6981.T(H), 6501.T(H), 6503.T(H), 8766.T(H), 4543.T(H), 7011.T(H)",GUERRILLA
2023-12-04,112296,4680,107615,7,"7203.T(H), 6981.T(H), 6501.T(H), 6503.T(H), 8766.T(H), 4543.T(H), 7011.T(H)",GUERRILLA
2023-12-05,110896,4680,106215,7,"7203.T(H), 6981.T(H), 6501.T(H), 6503.T(H), 8766.T(H), 4543.T(H), 7011.T(H)",GUERRILLA
2023-12-06,113272,4680,108591,7,"7203.T(H), 6981.T(H), 6501.T(H), 6503.T(H), 8766.T(H), 4543.T(H), 7011.T(H)",GUERRILLA
2023-12-07,111665,4680,106985,7,"7203.T(H), 6981.T(H), 6501.T(H), 6503.T(H), 8766.T(H), 4543.T(H), 7011.T(H)",GUERRILLA
2023-12-08,109084,30202,78881,6,"6981.T(H), 6501.T(H), 6503.T(H), 8766.T(H), 4543.T(H), 3436.T(G)",GUERRILLA
2023-12-11,109765,30202,79562,6,"6981.T(H), 6501.T(H), 6503.T(H), 8766.T(H), 4543.T(H), 3436.T(G)",GUERRILLA
2023-12-12,110559,30202,80356,6,"6981.T(H), 6501.T(H), 6503.T(H), 8766.T(H), 4543.T(H), 3436.T(G)",GUERRILLA
2023-12-13,111182,13165,98016,8,"6981.T(H), 6501.T(H), 6503.T(H), 8766.T(H), 4543.T(H), 3436.T(G), 4478.T(G), 5253.T(G)",GUERRILLA
2023-12-14,111188,30541,80646,8,"6981.T(H), 6501.T(H), 6503.T(H), 8766.T(H), 4543.T(H), 5253.T(G), 4478.T(G), 4180.T(G)",GUERRILLA
2023-12-15,111450,33726,77723,7,"6981.T(H), 6501.T(H), 6503.T(H), 8766.T(H), 4543.T(H), 5253.T(G), 4180.T(G)",GUERRILLA
2023-12-18,110821,29979,80841,8,"6981.T(H), 6501.T(H), 6503.T(H), 8766.T(H), 4543.T(H), 5253.T(G), 4180.T(G), 9101.T(G)",GUERRILLA
2023-12-19,111786,27419,84367,9,"6981.T(H), 6501.T(H), 6503.T(H), 8766.T(H), 4543.T(H), 5253.T(G), 4180.T(G), 9101.T(G), 3687.T(G)",GUERRILLA
2023-12-20,112309,36027,76281,8,"6981.T(H), 6501.T(H), 6503.T(H), 8766.T(H), 4543.T(H), 5253.T(G), 9101.T(G), 3687.T(G)",GUERRILLA
2023-12-21,111941,25080,86861,8,"6981.T(H), 6501.T(H), 6503.T(H), 8766.T(H), 4543.T(H), 5253.T(G), 3687.T(G), 4180.T(G)",GUERRILLA
2023-12-22,111736,25080,86656,8,"6981.T(H), 6501.T(H), 6503.T(H), 8766.T(H), 4543.T(H), 5253.T(G), 3687.T(G), 4180.T(G)",GUERRILLA
2023-12-25,112694,27500,85194,7,"6981.T(H), 6501.T(H), 6503.T(H), 8766.T(H), 4543.T(H), 5253.T(G), 4180.T(G)",GUERRILLA
2023-12-26,113232,43315,69916,6,"6981.T(H), 6501.T(H), 6503.T(H), 8766.T(H), 4543.T(H), 5253.T(G)",GUERRILLA
2023-12-27,114420,32016,82404,7,"6981.T(H), 6501.T(H), 6503.T(H), 8766.T(H), 4543.T(H), 5253.T(G), 7735.T(G)",GUERRILLA
2023-12-28,114856,32016,82839,7,"6981.T(H), 6501.T(H), 6503.T(H), 8766.T(H), 4543.T(H), 5253.T(G), 7735.T(G)",GUERRILLA
2023-12-29,114747,32016,82731,7,"6981.T(H), 6501.T(H), 6503.T(H), 8766.T(H), 4543.T(H), 5253.T(G), 7735.T(G)",GUERRILLA
2024-01-04,113719,26329,87389,7,"6981.T(H), 6501.T(H), 6503.T(H), 8766.T(H), 4543.T(H), 5253.T(G), 3436.T(G)",GUERRILLA
2024-01-05,113539,26329,87209,7,"6981.T(H), 6501.T(H), 6503.T(H), 8766.T(H), 4543.T(H), 5253.T(G), 3436.T(G)",GUERRILLA
2024-01-09,114238,26329,87908,7,"6981.T(H), 6501.T(H), 6503.T(H), 8766.T(H), 4543.T(H), 5253.T(G), 3436.T(G)",GUERRILLA
2024-01-10,115162,26329,88832,7,"6981.T(H), 6501.T(H), 6503.T(H), 8766.T(H), 4543.T(H), 5253.T(G), 3436.T(G)",GUERRILLA
2024-01-11,117159,26329,90830,7,"6981.T(H), 6501.T(H), 6503.T(H), 8766.T(H), 4543.T(H), 5253.T(G), 3436.T(G)",GUERRILLA
2024-01-12,117796,43716,74079,6,"6981.T(H), 6501.T(H), 6503.T(H), 8766.T(H), 4543.T(H), 5253.T(G)",GUERRILLA
2024-01-15,118529,43716,74812,6,"6981.T(H), 6501.T(H), 6503.T(H), 8766.T(H), 4543.T(H), 5253.T(G)",GUERRILLA
2024-01-16,117439,43716,73722,6,"6981.T(H), 6501.T(H), 6503.T(H), 8766.T(H), 4543.T(H), 5253.T(G)",GUERRILLA
2024-01-17,116880,51496,65383,5,"6981.T(H), 6501.T(H), 6503.T(H), 8766.T(H), 4543.T(H)",GUERRILLA
2024-01-18,116910,55023,61886,4,"6981.T(H), 6501.T(H), 6503.T(H), 4543.T(H)",GUERRILLA
2024-01-19,117847,55023,62823,4,"6981.T(H), 6501.T(H), 6503.T(H), 4543.T(H)",GUERRILLA
2024-01-22,119194,55023,64170,4,"6981.T(H), 6501.T(H), 6503.T(H), 4543.T(H)",GUERRILLA
2024-01-23,119764,55023,64741,4,"6981.T(H), 6501.T(H), 6503.T(H), 4543.T(H)",GUERRILLA
2024-01-24,119173,59941,59231,3,"6981.T(H), 6501.T(H), 6503.T(H)",GUERRILLA
2024-01-25,118821,36933,81888,4,"6981.T(H), 6501.T(H), 6503.T(H), 3092.T(G)",GUERRILLA
2024-01-26,117607,56683,60924,3,"6981.T(H), 6503.T(H), 3092.T(G)",GUERRILLA
2024-01-29,118318,56683,61635,3,"6981.T(H), 6503.T(H), 3092.T(G)",GUERRILLA
2024-01-30,118225,56683,61542,3,"6981.T(H), 6503.T(H), 3092.T(G)",GUERRILLA
2024-01-31,118132,56683,61449,3,"6981.T(H), 6503.T(H), 3092.T(G)",GUERRILLA
2024-02-01,116841,78457,38383,2,"6981.T(H), 6503.T(H)",GUERRILLA
2024-02-02,117446,73794,43652,3,"6981.T(H), 6503.T(H), 9104.T(G)",GUERRILLA
2024-02-05,117530,73794,43735,3,"6981.T(H), 6503.T(H), 9104.T(G)",GUERRILLA
2024-02-06,116757,52463,64294,3,"6981.T(H), 9104.T(G), 3092.T(G)",GUERRILLA
2024-02-07,117150,52463,64687,3,"6981.T(H), 9104.T(G), 3092.T(G)",GUERRILLA
2024-02-08,118336,52463,65873,3,"6981.T(H), 9104.T(G), 3092.T(G)",GUERRILLA
2024-02-09,117099,56895,60203,2,"6981.T(H), 3092.T(G)",GUERRILLA
2024-02-13,117787,34581,83206,3,"6981.T(H), 3092.T(G), 5401.T(G)",GUERRILLA
2024-02-14,116790,34079,82711,3,"6981.T(H), 3092.T(G), 6203.T(G)",GUERRILLA
2024-02-15,117318,54850,62467,2,"6981.T(H), 5401.T(G)",GUERRILLA
2024-02-16,118311,54850,63460,2,"6981.T(H), 5401.T(G)",GUERRILLA
2024-02-19,118657,33523,85133,3,"6981.T(H), 5401.T(G), 6203.T(G)",GUERRILLA
2024-02-20,118803,9160,109642,5,"6981.T(H), 5401.T(G), 6203.T(G), 8002.T(H), 7203.T(H)",HOMERUN
2024-02-21,118236,9160,109075,5,"6981.T(H), 5401.T(G), 6203.T(G), 8002.T(H), 7203.T(H)",HOMERUN
2024-02-22,119651,9160,110491,5,"6981.T(H), 5401.T(G), 6203.T(G), 8002.T(H), 7203.T(H)",HOMERUN
2024-02-26,119952,9160,110791,5,"6981.T(H), 5401.T(G), 6203.T(G), 8002.T(H), 7203.T(H)",HOMERUN
2024-02-27,120929,10340,110588,6,"6981.T(H), 6203.T(G), 8002.T(H), 7203.T(H), 6503.T(H), 7011.T(H)",HOMERUN
2024-02-28,120143,1568,118575,8,"6981.T(H), 6203.T(G), 8002.T(H), 7203.T(H), 6503.T(H), 7011.T(H), 8306.T(H), 6506.T(H)",HOMERUN
2024-02-29,120162,1568,118593,8,"6981.T(H), 6203.T(G), 8002.T(H), 7203.T(H), 6503.T(H), 7011.T(H), 8306.T(H), 6506.T(H)",HOMERUN
2024-03-01,121546,1568,119977,8,"6981.T(H), 6203.T(G), 8002.T(H), 7203.T(H), 6503.T(H), 7011.T(H), 8306.T(H), 6506.T(H)",HOMERUN
2024-03-04,121181,1568,119613,8,"6981.T(H), 6203.T(G), 8002.T(H), 7203.T(H), 6503.T(H), 7011.T(H), 8306.T(H), 6506.T(H)",HOMERUN
2024-03-05,122516,1568,120947,8,"6981.T(H), 6203.T(G), 8002.T(H), 7203.T(H), 6503.T(H), 7011.T(H), 8306.T(H), 6506.T(H)",HOMERUN
2024-03-06,123844,1568,122275,8,"6981.T(H), 6203.T(G), 8002.T(H), 7203.T(H), 6503.T(H), 7011.T(H), 8306.T(H), 6506.T(H)",HOMERUN
2024-03-07,122722,10374,112348,9,"6981.T(H), 8002.T(H), 7203.T(H), 6503.T(H), 7011.T(H), 8306.T(H), 6506.T(H), 7013.T(H), 7751.T(H)",HOMERUN
2024-03-08,123438,16783,106654,10,"6981.T(H), 8002.T(H), 6503.T(H), 7011.T(H), 8306.T(H), 6506.T(H), 7013.T(H), 7751.T(H), 6301.T(H), 8031.T(H)",HOMERUN
2024-03-11,120220,25368,94852,8,"6981.T(H), 8002.T(H), 6503.T(H), 7011.T(H), 8306.T(H), 7013.T(H), 7751.T(H), 4568.T(H)",HOMERUN
2024-03-12,119024,12051,106972,8,"6981.T(H), 6503.T(H), 7011.T(H), 8306.T(H), 7751.T(H), 4568.T(H), 4543.T(H), 6702.T(H)",HOMERUN
2024-03-13,118700,6970,111729,9,"6981.T(H), 6503.T(H), 7011.T(H), 8306.T(H), 4568.T(H), 4543.T(H), 6702.T(H), 7013.T(H), 8031.T(H)",HOMERUN
2024-03-14,118788,6970,111817,9,"6981.T(H), 6503.T(H), 7011.T(H), 8306.T(H), 4568.T(H), 4543.T(H), 6702.T(H), 7013.T(H), 8031.T(H)",HOMERUN
2024-03-15,119705,6970,112734,9,"6981.T(H), 6503.T(H), 7011.T(H), 8306.T(H), 4568.T(H), 4543.T(H), 6702.T(H), 7013.T(H), 8031.T(H)",GUERRILLA
2024-03-18,122495,6970,115524,9,"6981.T(H), 6503.T(H), 7011.T(H), 8306.T(H), 4568.T(H), 4543.T(H), 6702.T(H), 7013.T(H), 8031.T(H)",HOMERUN
2024-03-19,123098,6970,116127,9,"6981.T(H), 6503.T(H), 7011.T(H), 8306.T(H), 4568.T(H), 4543.T(H), 6702.T(H), 7013.T(H), 8031.T(H)",GUERRILLA
2024-03-21,125198,6970,118227,9,"6981.T(H), 6503.T(H), 7011.T(H), 8306.T(H), 4568.T(H), 4543.T(H), 6702.T(H), 7013.T(H), 8031.T(H)",GUERRILLA
2024-03-22,125486,6970,118515,9,"6981.T(H), 6503.T(H), 7011.T(H), 8306.T(H), 4568.T(H), 4543.T(H), 6702.T(H), 7013.T(H), 8031.T(H)",GUERRILLA
2024-03-25,123657,6970,116687,9,"6981.T(H), 6503.T(H), 7011.T(H), 8306.T(H), 4568.T(H), 4543.T(H), 6702.T(H), 7013.T(H), 8031.T(H)",GUERRILLA
2024-03-26,124493,6970,117522,9,"6981.T(H), 6503.T(H), 7011.T(H), 8306.T(H), 4568.T(H), 4543.T(H), 6702.T(H), 7013.T(H), 8031.T(H)",GUERRILLA
2024-03-27,124647,6970,117676,9,"6981.T(H), 6503.T(H), 7011.T(H), 8306.T(H), 4568.T(H), 4543.T(H), 6702.T(H), 7013.T(H), 8031.T(H)",GUERRILLA
2024-03-28,124221,6970,117250,9,"6981.T(H), 6503.T(H), 7011.T(H), 8306.T(H), 4568.T(H), 4543.T(H), 6702.T(H), 7013.T(H), 8031.T(H)",GUERRILLA
2024-03-29,125275,23023,102252,8,"6981.T(H), 6503.T(H), 7011.T(H), 8306.T(H), 4568.T(H), 6702.T(H), 7013.T(H), 8031.T(H)",GUERRILLA
2024-04-01,123788,44571,79216,7,"6981.T(H), 6503.T(H), 8306.T(H), 4568.T(H), 6702.T(H), 7013.T(H), 8031.T(H)",GUERRILLA
2024-04-02,123456,27282,96173,8,"6981.T(H), 6503.T(H), 8306.T(H), 4568.T(H), 6702.T(H), 7013.T(H), 8031.T(H), 7532.T(G)",GUERRILLA
2024-04-03,122096,19418,102677,7,"6981.T(H), 6503.T(H), 8306.T(H), 6702.T(H), 7532.T(G), 3092.T(G), 4478.T(G)",GUERRILLA
2024-04-04,122710,7428,115282,9,"6981.T(H), 6503.T(H), 8306.T(H), 6702.T(H), 7532.T(G), 3092.T(G), 4478.T(G), 5401.T(G), 7012.T(G)",GUERRILLA
2024-04-05,121111,31195,89916,8,"6503.T(H), 8306.T(H), 6702.T(H), 7532.T(G), 3092.T(G), 4478.T(G), 5401.T(G), 7012.T(G)",GUERRILLA
2024-04-08,122676,31195,91481,8,"6503.T(H), 8306.T(H), 6702.T(H), 7532.T(G), 3092.T(G), 4478.T(G), 5401.T(G), 7012.T(G)",GUERRILLA
2024-04-09,123275,31195,92080,8,"6503.T(H), 8306.T(H), 6702.T(H), 7532.T(G), 3092.T(G), 4478.T(G), 5401.T(G), 7012.T(G)",GUERRILLA
2024-04-10,122345,31195,91150,8,"6503.T(H), 8306.T(H), 6702.T(H), 7532.T(G), 3092.T(G), 4478.T(G), 5401.T(G), 7012.T(G)",GUERRILLA
2024-04-11,123221,28915,94306,8,"6503.T(H), 8306.T(H), 6702.T(H), 7532.T(G), 4478.T(G), 5401.T(G), 7012.T(G), 3092.T(G)",GUERRILLA
2024-04-12,123185,28915,94270,8,"6503.T(H), 8306.T(H), 6702.T(H), 7532.T(G), 4478.T(G), 5401.T(G), 7012.T(G), 3092.T(G)",GUERRILLA
2024-04-15,123053,34805,88247,7,"6503.T(H), 8306.T(H), 6702.T(H), 7532.T(G), 5401.T(G), 7012.T(G), 3092.T(G)",GUERRILLA
2024-04-16,121615,21351,100263,8,"6503.T(H), 8306.T(H), 6702.T(H), 7532.T(G), 5401.T(G), 7012.T(G), 3092.T(G), 5411.T(G)",GUERRILLA
2024-04-17,120534,47847,72687,6,"8306.T(H), 6702.T(H), 7532.T(G), 7012.T(G), 3092.T(G), 5411.T(G)",GUERRILLA
2024-04-18,120449,30059,90390,7,"8306.T(H), 6702.T(H), 7532.T(G), 7012.T(G), 3092.T(G), 5411.T(G), 1605.T(G)",GUERRILLA
2024-04-19,119488,56386,63101,6,"8306.T(H), 6702.T(H), 7532.T(G), 7012.T(G), 1605.T(G), 2768.T(G)",GUERRILLA
2024-04-22,119556,51380,68175,7,"8306.T(H), 6702.T(H), 7532.T(G), 7012.T(G), 1605.T(G), 2768.T(G), 5713.T(G)",GUERRILLA
2024-04-23,119685,51380,68305,7,"8306.T(H), 6702.T(H), 7532.T(G), 7012.T(G), 1605.T(G), 2768.T(G), 5713.T(G)",GUERRILLA
2024-04-24,120716,46118,74598,8,"8306.T(H), 6702.T(H), 7532.T(G), 7012.T(G), 1605.T(G), 2768.T(G), 5713.T(G), 6254.T(G)",GUERRILLA
2024-04-25,118775,27728,91046,9,"8306.T(H), 6702.T(H), 7532.T(G), 7012.T(G), 1605.T(G), 2768.T(G), 5713.T(G), 6254.T(G), 7013.T(H)",HOMERUN
2024-04-26,118326,35262,83063,10,"8306.T(H), 7532.T(G), 7012.T(G), 1605.T(G), 2768.T(G), 5713.T(G), 6254.T(G), 7013.T(H), 4568.T(H), 8031.T(H)",HOMERUN
2024-04-30,120248,28772,91475,11,"8306.T(H), 7532.T(G), 7012.T(G), 1605.T(G), 5713.T(G), 6254.T(G), 7013.T(H), 4568.T(H), 8031.T(H), 7267.T(H), 8058.T(H)",HOMERUN
2024-05-01,119391,20424,98966,13,"8306.T(H), 7532.T(G), 7012.T(G), 1605.T(G), 5713.T(G), 6254.T(G), 7013.T(H), 4568.T(H), 8031.T(H), 7267.T(H), 8058.T(H), 6501.T(H), 7011.T(H)",HOMERUN
2024-05-02,119793,20424,99368,13,"8306.T(H), 7532.T(G), 7012.T(G), 1605.T(G), 5713.T(G), 6254.T(G), 7013.T(H), 4568.T(H), 8031.T(H), 7267.T(H), 8058.T(H), 6501.T(H), 7011.T(H)",HOMERUN
2024-05-07,120548,27002,93545,12,"8306.T(H), 7532.T(G), 7012.T(G), 1605.T(G), 5713.T(G), 6254.T(G), 7013.T(H), 4568.T(H), 8031.T(H), 7267.T(H), 6501.T(H), 7011.T(H)",HOMERUN
2024-05-08,119069,29110,89959,12,"8306.T(H), 7532.T(G), 1605.T(G), 5713.T(G), 6254.T(G), 7013.T(H), 4568.T(H), 8031.T(H), 7267.T(H), 6501.T(H), 7011.T(H), 8002.T(H)",HOMERUN
2024-05-09,120493,32417,88076,11,"8306.T(H), 7532.T(G), 1605.T(G), 5713.T(G), 6254.T(G), 7013.T(H), 8031.T(H), 7267.T(H), 6501.T(H), 8002.T(H), 8001.T(H)",HOMERUN
2024-05-10,120544,16903,103640,11,"8306.T(H), 7532.T(G), 1605.T(G), 6254.T(G), 7013.T(H), 8031.T(H), 6501.T(H), 8002.T(H), 8001.T(H), 6503.T(H), 8766.T(H)",HOMERUN
2024-05-13,119660,22782,96877,11,"8306.T(H), 7532.T(G), 1605.T(G), 6254.T(G), 8031.T(H), 6501.T(H), 8002.T(H), 8001.T(H), 6503.T(H), 8766.T(H), 8316.T(H)",HOMERUN
2024-05-14,119245,20457,98787,11,"8306.T(H), 7532.T(G), 1605.T(G), 6254.T(G), 8031.T(H), 6501.T(H), 8002.T(H), 8001.T(H), 6503.T(H), 8316.T(H), 8411.T(H)",HOMERUN
2024-05-15,120309,12445,107863,12,"8306.T(H), 7532.T(G), 1605.T(G), 6254.T(G), 8031.T(H), 6501.T(H), 8002.T(H), 8001.T(H), 6503.T(H), 8316.T(H), 8411.T(H), 7013.T(H)",HOMERUN
2024-05-16,119994,12445,107548,12,"8306.T(H), 7532.T(G), 1605.T(G), 6254.T(G), 8031.T(H), 6501.T(H), 8002.T(H), 8001.T(H), 6503.T(H), 8316.T(H), 8411.T(H), 7013.T(H)",HOMERUN
2024-05-17,120471,17159,103312,11,"8306.T(H), 7532.T(G), 1605.T(G), 8031.T(H), 6501.T(H), 8002.T(H), 8001.T(H), 6503.T(H), 8316.T(H), 8411.T(H), 7013.T(H)",HOMERUN
2024-05-20,122083,11696,110386,12,"8306.T(H), 7532.T(G), 1605.T(G), 8031.T(H), 6501.T(H), 8002.T(H), 8001.T(H), 6503.T(H), 8316.T(H), 8411.T(H), 7013.T(H), 4543.T(H)",HOMERUN
2024-05-21,121812,11696,110115,12,"8306.T(H), 7532.T(G), 1605.T(G), 8031.T(H), 6501.T(H), 8002.T(H), 8001.T(H), 6503.T(H), 8316.T(H), 8411.T(H), 7013.T(H), 4543.T(H)",HOMERUN
2024-05-22,120772,11696,109075,12,"8306.T(H), 7532.T(G), 1605.T(G), 8031.T(H), 6501.T(H), 8002.T(H), 8001.T(H), 6503.T(H), 8316.T(H), 8411.T(H), 7013.T(H), 4543.T(H)",HOMERUN
2024-05-23,121388,11080,110307,12,"8306.T(H), 7532.T(G), 1605.T(G), 8031.T(H), 6501.T(H), 8002.T(H), 8001.T(H), 6503.T(H), 8316.T(H), 8411.T(H), 7013.T(H), 6981.T(H)",HOMERUN
2024-05-24,121085,14883,106201,11,"8306.T(H), 7532.T(G), 1605.T(G), 6501.T(H), 8002.T(H), 8001.T(H), 6503.T(H), 8316.T(H), 8411.T(H), 7013.T(H), 6981.T(H)",GUERRILLA
2024-05-27,122080,14883,107197,11,"8306.T(H), 7532.T(G), 1605.T(G), 6501.T(H), 8002.T(H), 8001.T(H), 6503.T(H), 8316.T(H), 8411.T(H), 7013.T(H), 6981.T(H)",GUERRILLA
2024-05-28,122840,14883,107957,11,"8306.T(H), 7532.T(G), 1605.T(G), 6501.T(H), 8002.T(H), 8001.T(H), 6503.T(H), 8316.T(H), 8411.T(H), 7013.T(H), 6981.T(H)",GUERRILLA
2024-05-29,121272,28096,93175,10,"8306.T(H), 1605.T(G), 6501.T(H), 8002.T(H), 8001.T(H), 8316.T(H), 8411.T(H), 7013.T(H), 6981.T(H), 9107.T(G)",GUERRILLA
2024-05-30,119996,51273,68723,8,"8306.T(H), 1605.T(G), 6501.T(H), 8002.T(H), 8001.T(H), 8411.T(H), 6981.T(H), 9107.T(G)",GUERRILLA
2024-05-31,121068,51273,69795,8,"8306.T(H), 1605.T(G), 6501.T(H), 8002.T(H), 8001.T(H), 8411.T(H), 6981.T(H), 9107.T(G)",GUERRILLA
2024-06-03,123073,51273,71800,8,"8306.T(H), 1605.T(G), 6501.T(H), 8002.T(H), 8001.T(H), 8411.T(H), 6981.T(H), 9107.T(G)",GUERRILLA
2024-06-04,122138,51273,70865,8,"8306.T(H), 1605.T(G), 6501.T(H), 8002.T(H), 8001.T(H), 8411.T(H), 6981.T(H), 9107.T(G)",GUERRILLA
2024-06-05,120000,54433,65566,7,"1605.T(G), 6501.T(H), 8002.T(H), 8001.T(H), 8411.T(H), 6981.T(H), 9107.T(G)",GUERRILLA
2024-06-06,120841,54433,66407,7,"1605.T(G), 6501.T(H), 8002.T(H), 8001.T(H), 8411.T(H), 6981.T(H), 9107.T(G)",GUERRILLA
2024-06-07,121492,38817,82675,8,"1605.T(G), 6501.T(H), 8002.T(H), 8001.T(H), 8411.T(H), 6981.T(H), 4568.T(H), 6702.T(H)",HOMERUN
2024-06-10,122622,38817,83805,8,"1605.T(G), 6501.T(H), 8002.T(H), 8001.T(H), 8411.T(H), 6981.T(H), 4568.T(H), 6702.T(H)",HOMERUN
2024-06-11,122200,36094,86106,9,"1605.T(G), 6501.T(H), 8002.T(H), 8001.T(H), 8411.T(H), 6981.T(H), 4568.T(H), 6702.T(H), 4543.T(H)",HOMERUN
2024-06-12,121771,31815,89955,10,"1605.T(G), 6501.T(H), 8002.T(H), 8001.T(H), 8411.T(H), 6981.T(H), 4568.T(H), 6702.T(H), 4543.T(H), 6301.T(H)",HOMERUN
2024-06-13,121577,22230,99347,10,"1605.T(G), 6501.T(H), 8002.T(H), 8001.T(H), 8411.T(H), 6981.T(H), 4568.T(H), 6702.T(H), 6301.T(H), 6723.T(H)",HOMERUN
2024-06-14,121912,22391,99521,10,"1605.T(G), 6501.T(H), 8002.T(H), 8001.T(H), 8411.T(H), 6981.T(H), 6702.T(H), 6301.T(H), 6723.T(H), 8766.T(H)",HOMERUN
2024-06-17,120016,26509,93506,9,"1605.T(G), 6501.T(H), 8002.T(H), 8001.T(H), 8411.T(H), 6981.T(H), 6702.T(H), 6723.T(H), 8766.T(H)",GUERRILLA
2024-06-18,120999,26509,94489,9,"1605.T(G), 6501.T(H), 8002.T(H), 8001.T(H), 8411.T(H), 6981.T(H), 6702.T(H), 6723.T(H), 8766.T(H)",GUERRILLA
2024-06-19,121411,15908,105502,10,"1605.T(G), 6501.T(H), 8002.T(H), 8001.T(H), 8411.T(H), 6981.T(H), 6702.T(H), 6723.T(H), 8766.T(H), 7532.T(G)",GUERRILLA
2024-06-20,120834,11683,109150,11,"1605.T(G), 6501.T(H), 8002.T(H), 8001.T(H), 8411.T(H), 6981.T(H), 6702.T(H), 6723.T(H), 8766.T(H), 7532.T(G), 9101.T(G)",GUERRILLA
2024-06-21,120742,9574,111167,12,"1605.T(G), 6501.T(H), 8002.T(H), 8001.T(H), 8411.T(H), 6981.T(H), 6702.T(H), 6723.T(H), 8766.T(H), 7532.T(G), 9101.T(G), 9107.T(G)",GUERRILLA
2024-06-24,121051,9574,111477,12,"1605.T(G), 6501.T(H), 8002.T(H), 8001.T(H), 8411.T(H), 6981.T(H), 6702.T(H), 6723.T(H), 8766.T(H), 7532.T(G), 9101.T(G), 9107.T(G)",GUERRILLA
2024-06-25,122550,27422,95128,10,"1605.T(G), 6501.T(H), 8002.T(H), 8001.T(H), 8411.T(H), 6702.T(H), 8766.T(H), 7532.T(G), 9101.T(G), 9107.T(G)",GUERRILLA
2024-06-26,123206,27422,95783,10,"1605.T(G), 6501.T(H), 8002.T(H), 8001.T(H), 8411.T(H), 6702.T(H), 8766.T(H), 7532.T(G), 9101.T(G), 9107.T(G)",GUERRILLA
2024-06-27,123607,27422,96185,10,"1605.T(G), 6501.T(H), 8002.T(H), 8001.T(H), 8411.T(H), 6702.T(H), 8766.T(H), 7532.T(G), 9101.T(G), 9107.T(G)",GUERRILLA
2024-06-28,124606,27422,97184,10,"1605.T(G), 6501.T(H), 8002.T(H), 8001.T(H), 8411.T(H), 6702.T(H), 8766.T(H), 7532.T(G), 9101.T(G), 9107.T(G)",GUERRILLA
2024-07-01,126251,29657,96593,9,"1605.T(G), 6501.T(H), 8002.T(H), 8001.T(H), 8411.T(H), 6702.T(H), 8766.T(H), 7532.T(G), 9101.T(G)",GUERRILLA
2024-07-02,128035,52992,75043,7,"6501.T(H), 8002.T(H), 8001.T(H), 8411.T(H), 6702.T(H), 8766.T(H), 7532.T(G)",GUERRILLA
2024-07-03,128810,52992,75818,7,"6501.T(H), 8002.T(H), 8001.T(H), 8411.T(H), 6702.T(H), 8766.T(H), 7532.T(G)",GUERRILLA
2024-07-04,129008,52992,76016,7,"6501.T(H), 8002.T(H), 8001.T(H), 8411.T(H), 6702.T(H), 8766.T(H), 7532.T(G)",GUERRILLA
2024-07-05,128781,52992,75789,7,"6501.T(H), 8002.T(H), 8001.T(H), 8411.T(H), 6702.T(H), 8766.T(H), 7532.T(G)",GUERRILLA
2024-07-08,128223,66152,62071,6,"6501.T(H), 8002.T(H), 8001.T(H), 6702.T(H), 8766.T(H), 7532.T(G)",GUERRILLA
2024-07-09,128922,66152,62769,6,"6501.T(H), 8002.T(H), 8001.T(H), 6702.T(H), 8766.T(H), 7532.T(G)",GUERRILLA
2024-07-10,129524,61137,68387,7,"6501.T(H), 8002.T(H), 8001.T(H), 6702.T(H), 8766.T(H), 7532.T(G), 5713.T(G)",GUERRILLA
2024-07-11,129333,61137,68195,7,"6501.T(H), 8002.T(H), 8001.T(H), 6702.T(H), 8766.T(H), 7532.T(G), 5713.T(G)",GUERRILLA
2024-07-12,127994,61611,66383,5,"8002.T(H), 8001.T(H), 7532.T(G), 5713.T(G), 5032.T(G)",GUERRILLA
2024-07-16,127012,61611,65400,5,"8002.T(H), 8001.T(H), 7532.T(G), 5713.T(G), 5032.T(G)",GUERRILLA
2024-07-17,128212,61611,66600,5,"8002.T(H), 8001.T(H), 7532.T(G), 5713.T(G), 5032.T(G)",GUERRILLA
2024-07-18,128062,61611,66450,5,"8002.T(H), 8001.T(H), 7532.T(G), 5713.T(G), 5032.T(G)",GUERRILLA
2024-07-19,128109,47294,80814,4,"8002.T(H), 8001.T(H), 5032.T(G), 7532.T(G)",GUERRILLA
2024-07-22,126676,29940,96736,5,"8002.T(H), 8001.T(H), 5032.T(G), 7532.T(G), 3436.T(G)",GUERRILLA
2024-07-23,127313,18805,108507,6,"8002.T(H), 8001.T(H), 5032.T(G), 7532.T(G), 3436.T(G), 9107.T(G)",GUERRILLA
2024-07-24,126427,26387,100040,5,"8002.T(H), 5032.T(G), 7532.T(G), 3436.T(G), 9107.T(G)",HOMERUN
2024-07-25,124154,50670,73483,3,"8002.T(H), 5032.T(G), 4543.T(H)",HOMERUN
2024-07-26,124248,30892,93356,4,"8002.T(H), 5032.T(G), 4543.T(H), 6981.T(H)",HOMERUN
2024-07-29,126629,16244,110384,6,"8002.T(H), 5032.T(G), 4543.T(H), 6981.T(H), 7751.T(H), 6702.T(H)",HOMERUN
2024-07-30,126091,12945,113145,7,"8002.T(H), 5032.T(G), 4543.T(H), 6981.T(H), 7751.T(H), 6702.T(H), 8316.T(H)",HOMERUN
2024-07-31,124460,971,123489,9,"8002.T(H), 5032.T(G), 4543.T(H), 6981.T(H), 7751.T(H), 6702.T(H), 8316.T(H), 4568.T(H), 6857.T(H)",HOMERUN
2024-08-01,121624,15191,106432,6,"5032.T(G), 4543.T(H), 8316.T(H), 6857.T(H), 4568.T(H), 6702.T(H)",HOMERUN
2024-08-02,116465,99540,16925,2,"4568.T(H), 6857.T(H)",HOMERUN
2024-08-05,115450,69741,45709,1,7013.T(H),HOMERUN
2024-08-06,120111,63649,56461,2,"7013.T(H), 6857.T(H)",HOMERUN
2024-08-07,124145,63649,60495,2,"7013.T(H), 6857.T(H)",HOMERUN
2024-08-08,123079,50747,72331,3,"7013.T(H), 6857.T(H), 7751.T(H)",HOMERUN
2024-08-09,123245,31961,91283,4,"7013.T(H), 6857.T(H), 7751.T(H), 7011.T(H)",HOMERUN
2024-08-13,128386,21253,107132,5,"7013.T(H), 6857.T(H), 7751.T(H), 7011.T(H), 4543.T(H)",HOMERUN
2024-08-14,129840,21253,108586,5,"7013.T(H), 6857.T(H), 7751.T(H), 7011.T(H), 4543.T(H)",HOMERUN
2024-08-15,131765,21253,110512,5,"7013.T(H), 6857.T(H), 7751.T(H), 7011.T(H), 4543.T(H)",HOMERUN
2024-08-16,135955,14057,121898,6,"7013.T(H), 6857.T(H), 7751.T(H), 7011.T(H), 4543.T(H), 6501.T(H)",HOMERUN
2024-08-19,133632,14057,119574,6,"7013.T(H), 6857.T(H), 7751.T(H), 7011.T(H), 4543.T(H), 6501.T(H)",HOMERUN
2024-08-20,134714,14057,120656,6,"7013.T(H), 6857.T(H), 7751.T(H), 7011.T(H), 4543.T(H), 6501.T(H)",HOMERUN
2024-08-21,132913,14057,118856,6,"7013.T(H), 6857.T(H), 7751.T(H), 7011.T(H), 4543.T(H), 6501.T(H)",HOMERUN
2024-08-22,136427,14057,122370,6,"7013.T(H), 6857.T(H), 7751.T(H), 7011.T(H), 4543.T(H), 6501.T(H)",HOMERUN
2024-08-23,139195,14057,125138,6,"7013.T(H), 6857.T(H), 7751.T(H), 7011.T(H), 4543.T(H), 6501.T(H)",HOMERUN
2024-08-26,136032,14057,121974,6,"7013.T(H), 6857.T(H), 7751.T(H), 7011.T(H), 4543.T(H), 6501.T(H)",HOMERUN
2024-08-27,138213,14057,124156,6,"7013.T(H), 6857.T(H), 7751.T(H), 7011.T(H), 4543.T(H), 6501.T(H)",HOMERUN
2024-08-28,138049,14057,123992,6,"7013.T(H), 6857.T(H), 7751.T(H), 7011.T(H), 4543.T(H), 6501.T(H)",HOMERUN
2024-08-29,140689,14057,126632,6,"7013.T(H), 6857.T(H), 7751.T(H), 7011.T(H), 4543.T(H), 6501.T(H)",HOMERUN
2024-08-30,142433,14057,128375,6,"7013.T(H), 6857.T(H), 7751.T(H), 7011.T(H), 4543.T(H), 6501.T(H)",HOMERUN
2024-09-02,146369,14057,132312,6,"7013.T(H), 6857.T(H), 7751.T(H), 7011.T(H), 4543.T(H), 6501.T(H)",HOMERUN
2024-09-03,145722,14057,131665,6,"7013.T(H), 6857.T(H), 7751.T(H), 7011.T(H), 4543.T(H), 6501.T(H)",HOMERUN
2024-09-04,137932,20120,117811,5,"7013.T(H), 7751.T(H), 7011.T(H), 4543.T(H), 6501.T(H)",HOMERUN
2024-09-05,138034,20120,117913,5,"7013.T(H), 7751.T(H), 7011.T(H), 4543.T(H), 6501.T(H)",HOMERUN
2024-09-06,135683,63555,72127,4,"7751.T(H), 4543.T(H), 6501.T(H), 6702.T(H)",HOMERUN
2024-09-09,136001,69735,66266,3,"7751.T(H), 4543.T(H), 6702.T(H)",HOMERUN
2024-09-10,135206,69735,65471,3,"7751.T(H), 4543.T(H), 6702.T(H)",HOMERUN
2024-09-11,135081,69735,65346,3,"7751.T(H), 4543.T(H), 6702.T(H)",HOMERUN
2024-09-12,137429,63010,74418,4,"7751.T(H), 4543.T(H), 6702.T(H), 6501.T(H)",HOMERUN
2024-09-13,136001,50356,85644,5,"7751.T(H), 4543.T(H), 6702.T(H), 6501.T(H), 6857.T(H)",HOMERUN
2024-09-17,136219,52267,83951,6,"4543.T(H), 6702.T(H), 6501.T(H), 6857.T(H), 7751.T(H), 8001.T(H)",HOMERUN
2024-09-18,135842,52267,83574,6,"4543.T(H), 6702.T(H), 6501.T(H), 6857.T(H), 7751.T(H), 8001.T(H)",HOMERUN
2024-09-19,137583,32045,105537,7,"4543.T(H), 6702.T(H), 6501.T(H), 6857.T(H), 7751.T(H), 8001.T(H), 7267.T(H)",HOMERUN
2024-09-20,137603,32045,105558,7,"4543.T(H), 6702.T(H), 6501.T(H), 6857.T(H), 7751.T(H), 8001.T(H), 7267.T(H)",HOMERUN
2024-09-24,138918,29229,109689,8,"4543.T(H), 6702.T(H), 6501.T(H), 6857.T(H), 7751.T(H), 8001.T(H), 7267.T(H), 8058.T(H)",HOMERUN
2024-09-25,137795,29229,108565,8,"4543.T(H), 6702.T(H), 6501.T(H), 6857.T(H), 7751.T(H), 8001.T(H), 7267.T(H), 8058.T(H)",HOMERUN
2024-09-26,141238,11489,129749,10,"4543.T(H), 6702.T(H), 6501.T(H), 6857.T(H), 7751.T(H), 8001.T(H), 7267.T(H), 8058.T(H), 6758.T(H), 8031.T(H)",HOMERUN
2024-09-27,145325,4698,140626,12,"4543.T(H), 6702.T(H), 6501.T(H), 6857.T(H), 7751.T(H), 8001.T(H), 7267.T(H), 8058.T(H), 6758.T(H), 8031.T(H), 6902.T(H), 6503.T(H)",HOMERUN
2024-09-30,138920,14844,124075,10,"4543.T(H), 6702.T(H), 6857.T(H), 7751.T(H), 8001.T(H), 7267.T(H), 8058.T(H), 6758.T(H), 8031.T(H), 6501.T(H)",HOMERUN
2024-10-01,142444,14844,127599,10,"4543.T(H), 6702.T(H), 6857.T(H), 7751.T(H), 8001.T(H), 7267.T(H), 8058.T(H), 6758.T(H), 8031.T(H), 6501.T(H)",HOMERUN
2024-10-02,140132,30827,109305,9,"4543.T(H), 6702.T(H), 7751.T(H), 8001.T(H), 7267.T(H), 8058.T(H), 8031.T(H), 6501.T(H), 8766.T(H)",HOMERUN
2024-10-03,141536,19079,122456,10,"4543.T(H), 6702.T(H), 7751.T(H), 8001.T(H), 7267.T(H), 8058.T(H), 8031.T(H), 6501.T(H), 8766.T(H), 6503.T(H)",HOMERUN
2024-10-04,141958,19079,122878,10,"4543.T(H), 6702.T(H), 7751.T(H), 8001.T(H), 7267.T(H), 8058.T(H), 8031.T(H), 6501.T(H), 8766.T(H), 6503.T(H)",HOMERUN
2024-10-07,143843,8806,135036,12,"4543.T(H), 6702.T(H), 7751.T(H), 8001.T(H), 7267.T(H), 8058.T(H), 8031.T(H), 6501.T(H), 8766.T(H), 6503.T(H), 8306.T(H), 6758.T(H)",HOMERUN
2024-10-08,143159,8806,134353,12,"4543.T(H), 6702.T(H), 7751.T(H), 8001.T(H), 7267.T(H), 8058.T(H), 8031.T(H), 6501.T(H), 8766.T(H), 6503.T(H), 8306.T(H), 6758.T(H)",HOMERUN
2024-10-09,143781,8806,134975,12,"4543.T(H), 6702.T(H), 7751.T(H), 8001.T(H), 7267.T(H), 8058.T(H), 8031.T(H), 6501.T(H), 8766.T(H), 6503.T(H), 8306.T(H), 6758.T(H)",HOMERUN
2024-10-10,144672,8806,135866,12,"4543.T(H), 6702.T(H), 7751.T(H), 8001.T(H), 7267.T(H), 8058.T(H), 8031.T(H), 6501.T(H), 8766.T(H), 6503.T(H), 8306.T(H), 6758.T(H)",HOMERUN
2024-10-11,143921,8806,135115,12,"4543.T(H), 6702.T(H), 7751.T(H), 8001.T(H), 7267.T(H), 8058.T(H), 8031.T(H), 6501.T(H), 8766.T(H), 6503.T(H), 8306.T(H), 6758.T(H)",HOMERUN
2024-10-15,144302,8806,135495,12,"4543.T(H), 6702.T(H), 7751.T(H), 8001.T(H), 7267.T(H), 8058.T(H), 8031.T(H), 6501.T(H), 8766.T(H), 6503.T(H), 8306.T(H), 6758.T(H)",HOMERUN
2024-10-16,142985,10308,132677,12,"4543.T(H), 6702.T(H), 7751.T(H), 7267.T(H), 8058.T(H), 8031.T(H), 6501.T(H), 8766.T(H), 6503.T(H), 8306.T(H), 6758.T(H), 4063.T(H)",HOMERUN
2024-10-17,142424,10308,132116,12,"4543.T(H), 6702.T(H), 7751.T(H), 7267.T(H), 8058.T(H), 8031.T(H), 6501.T(H), 8766.T(H), 6503.T(H), 8306.T(H), 6758.T(H), 4063.T(H)",GUERRILLA
2024-10-18,142879,13006,129873,11,"4543.T(H), 6702.T(H), 7751.T(H), 7267.T(H), 8058.T(H), 8031.T(H), 6501.T(H), 8766.T(H), 6503.T(H), 8306.T(H), 4063.T(H)",GUERRILLA
2024-10-21,141940,8491,133449,12,"4543.T(H), 6702.T(H), 7751.T(H), 7267.T(H), 8058.T(H), 8031.T(H), 6501.T(H), 8766.T(H), 6503.T(H), 8306.T(H), 4063.T(H), 6203.T(G)",GUERRILLA
2024-10-22,140495,53556,86939,11,"4543.T(H), 7751.T(H), 7267.T(H), 8058.T(H), 8031.T(H), 6501.T(H), 8766.T(H), 6503.T(H), 8306.T(H), 4063.T(H), 6203.T(G)",GUERRILLA
2024-10-23,140516,32576,107939,12,"4543.T(H), 7751.T(H), 7267.T(H), 8058.T(H), 8031.T(H), 6501.T(H), 8766.T(H), 6503.T(H), 8306.T(H), 4063.T(H), 6203.T(G), 4180.T(G)",GUERRILLA
2024-10-24,140155,25611,114543,11,"4543.T(H), 7751.T(H), 7267.T(H), 8031.T(H), 6501.T(H), 6503.T(H), 8306.T(H), 4063.T(H), 6203.T(G), 4180.T(G), 3092.T(G)",GUERRILLA
2024-10-25,138328,29965,108362,10,"4543.T(H), 7751.T(H), 7267.T(H), 8031.T(H), 6501.T(H), 6503.T(H), 8306.T(H), 6203.T(G), 4180.T(G), 6857.T(H)",HOMERUN
2024-10-28,141352,22488,118864,10,"4543.T(H), 7751.T(H), 7267.T(H), 8031.T(H), 6501.T(H), 6503.T(H), 8306.T(H), 4180.T(G), 6857.T(H), 6702.T(H)",HOMERUN
2024-10-29,142452,12100,130351,12,"4543.T(H), 7751.T(H), 7267.T(H), 8031.T(H), 6501.T(H), 6503.T(H), 8306.T(H), 4180.T(G), 6857.T(H), 6702.T(H), 6758.T(H), 7013.T(H)",HOMERUN
2024-10-30,143796,12100,131695,12,"4543.T(H), 7751.T(H), 7267.T(H), 8031.T(H), 6501.T(H), 6503.T(H), 8306.T(H), 4180.T(G), 6857.T(H), 6702.T(H), 6758.T(H), 7013.T(H)",HOMERUN
2024-10-31,144167,12100,132067,12,"4543.T(H), 7751.T(H), 7267.T(H), 8031.T(H), 6501.T(H), 6503.T(H), 8306.T(H), 4180.T(G), 6857.T(H), 6702.T(H), 6758.T(H), 7013.T(H)",HOMERUN
2024-11-01,141897,2927,138969,11,"4543.T(H), 7751.T(H), 7267.T(H), 8031.T(H), 6501.T(H), 6503.T(H), 8306.T(H), 4180.T(G), 6758.T(H), 7013.T(H), 8411.T(H)",HOMERUN
2024-11-05,142571,2927,139643,11,"4543.T(H), 7751.T(H), 7267.T(H), 8031.T(H), 6501.T(H), 6503.T(H), 8306.T(H), 4180.T(G), 6758.T(H), 7013.T(H), 8411.T(H)",HOMERUN
2024-11-06,145810,6607,139202,12,"4543.T(H), 7751.T(H), 8031.T(H), 6501.T(H), 6503.T(H), 8306.T(H), 4180.T(G), 6758.T(H), 7013.T(H), 8411.T(H), 6902.T(H), 8316.T(H)",HOMERUN
2024-11-07,147003,6607,140395,12,"4543.T(H), 7751.T(H), 8031.T(H), 6501.T(H), 6503.T(H), 8306.T(H), 4180.T(G), 6758.T(H), 7013.T(H), 8411.T(H), 6902.T(H), 8316.T(H)",HOMERUN
2024-11-08,148100,61467,86633,12,"4543.T(H), 7751.T(H), 8031.T(H), 6501.T(H), 6503.T(H), 8306.T(H), 6758.T(H), 7013.T(H), 6902.T(H), 8316.T(H), 6301.T(H), 8411.T(H)",HOMERUN
2024-11-11,148869,61467,87402,12,"4543.T(H), 7751.T(H), 8031.T(H), 6501.T(H), 6503.T(H), 8306.T(H), 6758.T(H), 7013.T(H), 6902.T(H), 8316.T(H), 6301.T(H), 8411.T(H)",HOMERUN
2024-11-12,148586,21021,127565,13,"4543.T(H), 7751.T(H), 8031.T(H), 6501.T(H), 6503.T(H), 8306.T(H), 7013.T(H), 6902.T(H), 8316.T(H), 6301.T(H), 8411.T(H), 6758.T(H), 8766.T(H)",HOMERUN
2024-11-13,146958,21021,125937,13,"4543.T(H), 7751.T(H), 8031.T(H), 6501.T(H), 6503.T(H), 8306.T(H), 7013.T(H), 6902.T(H), 8316.T(H), 6301.T(H), 8411.T(H), 6758.T(H), 8766.T(H)",GUERRILLA
2024-11-14,147455,21021,126434,13,"4543.T(H), 7751.T(H), 8031.T(H), 6501.T(H), 6503.T(H), 8306.T(H), 7013.T(H), 6902.T(H), 8316.T(H), 6301.T(H), 8411.T(H), 6758.T(H), 8766.T(H)",GUERRILLA
2024-11-15,148547,21021,127526,13,"4543.T(H), 7751.T(H), 8031.T(H), 6501.T(H), 6503.T(H), 8306.T(H), 7013.T(H), 6902.T(H), 8316.T(H), 6301.T(H), 8411.T(H), 6758.T(H), 8766.T(H)",GUERRILLA
2024-11-18,147638,27359,120278,11,"4543.T(H), 7751.T(H), 8031.T(H), 6501.T(H), 6503.T(H), 8306.T(H), 6902.T(H), 8316.T(H), 8411.T(H), 6758.T(H), 8766.T(H)",GUERRILLA
2024-11-19,149016,38018,110998,11,"4543.T(H), 7751.T(H), 8031.T(H), 6501.T(H), 8306.T(H), 6902.T(H), 8316.T(H), 8411.T(H), 6758.T(H), 8766.T(H), 6890.T(G)",GUERRILLA
2024-11-20,147885,59923,87962,10,"4543.T(H), 7751.T(H), 8031.T(H), 6501.T(H), 8306.T(H), 6902.T(H), 8316.T(H), 8411.T(H), 6758.T(H), 6890.T(G)",GUERRILLA
2024-11-21,147093,59923,87170,10,"4543.T(H), 7751.T(H), 8031.T(H), 6501.T(H), 8306.T(H), 6902.T(H), 8316.T(H), 8411.T(H), 6758.T(H), 6890.T(G)",GUERRILLA
2024-11-22,147521,59923,87598,10,"4543.T(H), 7751.T(H), 8031.T(H), 6501.T(H), 8306.T(H), 6902.T(H), 8316.T(H), 8411.T(H), 6758.T(H), 6890.T(G)",GUERRILLA
2024-11-25,148057,36913,111144,11,"4543.T(H), 7751.T(H), 8031.T(H), 6501.T(H), 8306.T(H), 6902.T(H), 8316.T(H), 8411.T(H), 6758.T(H), 6890.T(G), 9166.T(G)",GUERRILLA
2024-11-26,146438,40533,105905,10,"4543.T(H), 7751.T(H), 8031.T(H), 6501.T(H), 8306.T(H), 6902.T(H), 8316.T(H), 6758.T(H), 6890.T(G), 9166.T(G)",GUERRILLA
2024-11-27,145895,49015,96880,9,"4543.T(H), 7751.T(H), 8031.T(H), 6501.T(H), 6902.T(H), 8316.T(H), 6758.T(H), 6890.T(G), 9166.T(G)",GUERRILLA
2024-11-28,145512,70400,75112,8,"4543.T(H), 7751.T(H), 8031.T(H), 6501.T(H), 6902.T(H), 8316.T(H), 6758.T(H), 6890.T(G)",GUERRILLA
2024-11-29,144614,78628,65985,7,"4543.T(H), 7751.T(H), 8031.T(H), 6501.T(H), 8316.T(H), 6758.T(H), 6890.T(G)",GUERRILLA
2024-12-02,145447,78628,66818,7,"4543.T(H), 7751.T(H), 8031.T(H), 6501.T(H), 8316.T(H), 6758.T(H), 6890.T(G)",GUERRILLA
2024-12-03,146647,78628,68018,7,"4543.T(H), 7751.T(H), 8031.T(H), 6501.T(H), 8316.T(H), 6758.T(H), 6890.T(G)",GUERRILLA
2024-12-04,147246,78628,68618,7,"4543.T(H), 7751.T(H), 8031.T(H), 6501.T(H), 8316.T(H), 6758.T(H), 6890.T(G)",GUERRILLA
2024-12-05,147214,47299,99914,8,"4543.T(H), 7751.T(H), 8031.T(H), 6501.T(H), 8316.T(H), 6758.T(H), 6890.T(G), 7013.T(H)",HOMERUN
2024-12-06,146067,54528,91539,7,"4543.T(H), 7751.T(H), 8031.T(H), 6501.T(H), 6758.T(H), 6890.T(G), 7013.T(H)",HOMERUN
2024-12-09,146135,33462,112672,8,"4543.T(H), 7751.T(H), 8031.T(H), 6501.T(H), 6758.T(H), 6890.T(G), 7013.T(H), 8306.T(H)",HOMERUN
2024-12-10,147188,8368,138820,10,"4543.T(H), 7751.T(H), 8031.T(H), 6501.T(H), 6758.T(H), 6890.T(G), 7013.T(H), 8306.T(H), 6301.T(H), 7203.T(H)",HOMERUN
2024-12-11,149885,8368,141517,10,"4543.T(H), 7751.T(H), 8031.T(H), 6501.T(H), 6758.T(H), 6890.T(G), 7013.T(H), 8306.T(H), 6301.T(H), 7203.T(H)",HOMERUN
2024-12-12,151535,8368,143167,10,"4543.T(H), 7751.T(H), 8031.T(H), 6501.T(H), 6758.T(H), 6890.T(G), 7013.T(H), 8306.T(H), 6301.T(H), 7203.T(H)",HOMERUN
2024-12-13,147970,25150,122819,10,"4543.T(H), 7751.T(H), 8031.T(H), 6501.T(H), 6890.T(G), 7013.T(H), 8306.T(H), 6301.T(H), 7203.T(H), 6503.T(H)",HOMERUN
2024-12-16,147960,25150,122809,10,"4543.T(H), 7751.T(H), 8031.T(H), 6501.T(H), 6890.T(G), 7013.T(H), 8306.T(H), 6301.T(H), 7203.T(H), 6503.T(H)",HOMERUN
2024-12-17,147321,15352,131969,11,"4543.T(H), 7751.T(H), 8031.T(H), 6501.T(H), 6890.T(G), 7013.T(H), 8306.T(H), 6301.T(H), 7203.T(H), 6503.T(H), 9984.T(H)",HOMERUN
2024-12-18,146475,15352,131122,11,"4543.T(H), 7751.T(H), 8031.T(H), 6501.T(H), 6890.T(G), 7013.T(H), 8306.T(H), 6301.T(H), 7203.T(H), 6503.T(H), 9984.T(H)",HOMERUN
2024-12-19,147618,14656,132961,11,"4543.T(H), 7751.T(H), 8031.T(H), 6501.T(H), 6890.T(G), 7013.T(H), 8306.T(H), 6301.T(H), 7203.T(H), 6503.T(H), 9432.T(H)",HOMERUN
2024-12-20,146131,10217,135914,12,"4543.T(H), 7751.T(H), 8031.T(H), 6501.T(H), 6890.T(G), 7013.T(H), 8306.T(H), 6301.T(H), 7203.T(H), 6503.T(H), 9432.T(H), 7011.T(H)",HOMERUN
2024-12-23,148905,10217,138687,12,"4543.T(H), 7751.T(H), 8031.T(H), 6501.T(H), 6890.T(G), 7013.T(H), 8306.T(H), 6301.T(H), 7203.T(H), 6503.T(H), 9432.T(H), 7011.T(H)",HOMERUN
2024-12-24,148497,10217,138279,12,"4543.T(H), 7751.T(H), 8031.T(H), 6501.T(H), 6890.T(G), 7013.T(H), 8306.T(H), 6301.T(H), 7203.T(H), 6503.T(H), 9432.T(H), 7011.T(H)",HOMERUN
2024-12-25,149556,10217,139339,12,"4543.T(H), 7751.T(H), 8031.T(H), 6501.T(H), 6890.T(G), 7013.T(H), 8306.T(H), 6301.T(H), 7203.T(H), 6503.T(H), 9432.T(H), 7011.T(H)",HOMERUN
2024-12-26,152169,10217,141952,12,"4543.T(H), 7751.T(H), 8031.T(H), 6501.T(H), 6890.T(G), 7013.T(H), 8306.T(H), 6301.T(H), 7203.T(H), 6503.T(H), 9432.T(H), 7011.T(H)",HOMERUN
2024-12-27,154532,10217,144314,12,"4543.T(H), 7751.T(H), 8031.T(H), 6501.T(H), 6890.T(G), 7013.T(H), 8306.T(H), 6301.T(H), 7203.T(H), 6503.T(H), 9432.T(H), 7011.T(H)",HOMERUN
2024-12-30,154326,10217,144108,12,"4543.T(H), 7751.T(H), 8031.T(H), 6501.T(H), 6890.T(G), 7013.T(H), 8306.T(H), 6301.T(H), 7203.T(H), 6503.T(H), 9432.T(H), 7011.T(H)",HOMERUN
2025-01-06,151773,25227,126545,11,"4543.T(H), 7751.T(H), 8031.T(H), 6501.T(H), 6890.T(G), 7013.T(H), 8306.T(H), 6301.T(H), 6503.T(H), 9432.T(H), 7011.T(H)",GUERRILLA
2025-01-07,151849,14354,137495,11,"4543.T(H), 8031.T(H), 6501.T(H), 6890.T(G), 8306.T(H), 6301.T(H), 6503.T(H), 9432.T(H), 7011.T(H), 6723.T(H), 7203.T(H)",HOMERUN
2025-01-08,151039,13124,137914,11,"4543.T(H), 8031.T(H), 6501.T(H), 8306.T(H), 6301.T(H), 6503.T(H), 9432.T(H), 7011.T(H), 6723.T(H), 7203.T(H), 8316.T(H)",HOMERUN
2025-01-09,148552,30819,117733,11,"4543.T(H), 8031.T(H), 6501.T(H), 8306.T(H), 6301.T(H), 6503.T(H), 9432.T(H), 7011.T(H), 7203.T(H), 8316.T(H), 7751.T(H)",HOMERUN
2025-01-10,147290,27589,119701,12,"4543.T(H), 8031.T(H), 6501.T(H), 8306.T(H), 6301.T(H), 6503.T(H), 9432.T(H), 7011.T(H), 7203.T(H), 8316.T(H), 7751.T(H), 4478.T(G)",GUERRILLA
2025-01-14,146040,31213,114827,11,"4543.T(H), 8031.T(H), 6501.T(H), 8306.T(H), 6301.T(H), 6503.T(H), 9432.T(H), 7011.T(H), 7203.T(H), 7751.T(H), 4478.T(G)",GUERRILLA
2025-01-15,146185,60780,85404,8,"4543.T(H), 8031.T(H), 6501.T(H), 8306.T(H), 6301.T(H), 6503.T(H), 9432.T(H), 7751.T(H)",GUERRILLA
2025-01-16,145889,60780,85108,8,"4543.T(H), 8031.T(H), 6501.T(H), 8306.T(H), 6301.T(H), 6503.T(H), 9432.T(H), 7751.T(H)",GUERRILLA
2025-01-17,145172,65907,79264,4,"6501.T(H), 8306.T(H), 6301.T(H), 4478.T(G)",GUERRILLA
2025-01-20,147804,65907,81896,4,"6501.T(H), 8306.T(H), 6301.T(H), 4478.T(G)",GUERRILLA
2025-01-21,145572,65907,79664,4,"6501.T(H), 8306.T(H), 6301.T(H), 4478.T(G)",GUERRILLA
2025-01-22,146315,65907,80407,4,"6501.T(H), 8306.T(H), 6301.T(H), 4478.T(G)",GUERRILLA
2025-01-23,147080,40761,106319,5,"6501.T(H), 8306.T(H), 6301.T(H), 4478.T(G), 6315.T(G)",GUERRILLA
2025-01-24,148882,40761,108121,5,"6501.T(H), 8306.T(H), 6301.T(H), 4478.T(G), 6315.T(G)",GUERRILLA
2025-01-27,147911,85211,62699,4,"6501.T(H), 8306.T(H), 6301.T(H), 6315.T(G)",GUERRILLA
2025-01-28,146754,25284,121470,5,"6501.T(H), 8306.T(H), 6301.T(H), 4661.T(H), 7013.T(H)",HOMERUN
2025-01-29,146613,16192,130420,7,"6501.T(H), 8306.T(H), 6301.T(H), 4661.T(H), 7013.T(H), 6758.T(H), 6723.T(H)",HOMERUN
2025-01-30,147240,11218,136021,8,"6501.T(H), 8306.T(H), 6301.T(H), 4661.T(H), 7013.T(H), 6758.T(H), 6723.T(H), 7751.T(H)",HOMERUN
2025-01-31,147176,34211,112964,8,"6501.T(H), 8306.T(H), 7013.T(H), 6758.T(H), 6723.T(H), 7751.T(H), 6301.T(H), 6702.T(H)",HOMERUN
2025-02-03,146759,28940,117818,6,"6501.T(H), 8306.T(H), 7013.T(H), 6758.T(H), 6702.T(H), 7203.T(H)",HOMERUN
2025-02-04,148262,20308,127953,8,"6501.T(H), 8306.T(H), 7013.T(H), 6758.T(H), 6702.T(H), 7203.T(H), 8316.T(H), 7751.T(H)",HOMERUN
2025-02-05,148255,15926,132329,9,"6501.T(H), 8306.T(H), 7013.T(H), 6758.T(H), 6702.T(H), 7203.T(H), 8316.T(H), 7751.T(H), 6301.T(H)",HOMERUN
2025-02-06,148275,12470,135804,9,"6501.T(H), 8306.T(H), 7013.T(H), 6758.T(H), 6702.T(H), 7203.T(H), 8316.T(H), 6301.T(H), 7267.T(H)",HOMERUN
2025-02-07,144671,14026,130645,10,"6501.T(H), 8306.T(H), 6758.T(H), 6702.T(H), 7203.T(H), 8316.T(H), 6301.T(H), 7267.T(H), 6723.T(H), 7013.T(H)",HOMERUN
2025-02-10,144716,14026,130690,10,"6501.T(H), 8306.T(H), 6758.T(H), 6702.T(H), 7203.T(H), 8316.T(H), 6301.T(H), 7267.T(H), 6723.T(H), 7013.T(H)",HOMERUN
2025-02-12,144312,20568,123744,9,"6501.T(H), 8306.T(H), 6702.T(H), 7203.T(H), 8316.T(H), 6301.T(H), 7267.T(H), 6723.T(H), 7013.T(H)",HOMERUN
2025-02-13,147267,15496,131771,10,"6501.T(H), 8306.T(H), 6702.T(H), 7203.T(H), 8316.T(H), 6301.T(H), 7267.T(H), 6723.T(H), 7013.T(H), 7751.T(H)",HOMERUN
2025-02-14,145808,15496,130312,10,"6501.T(H), 8306.T(H), 6702.T(H), 7203.T(H), 8316.T(H), 6301.T(H), 7267.T(H), 6723.T(H), 7013.T(H), 7751.T(H)",HOMERUN
2025-02-17,147266,15496,131770,10,"6501.T(H), 8306.T(H), 6702.T(H), 7203.T(H), 8316.T(H), 6301.T(H), 7267.T(H), 6723.T(H), 7013.T(H), 7751.T(H)",HOMERUN
2025-02-18,149305,15496,133809,10,"6501.T(H), 8306.T(H), 6702.T(H), 7203.T(H), 8316.T(H), 6301.T(H), 7267.T(H), 6723.T(H), 7013.T(H), 7751.T(H)",HOMERUN
2025-02-19,148826,15496,133330,10,"6501.T(H), 8306.T(H), 6702.T(H), 7203.T(H), 8316.T(H), 6301.T(H), 7267.T(H), 6723.T(H), 7013.T(H), 7751.T(H)",HOMERUN
2025-02-20,147351,57556,89794,8,"6501.T(H), 6702.T(H), 8316.T(H), 6301.T(H), 6723.T(H), 7013.T(H), 7751.T(H), 6506.T(H)",HOMERUN
2025-02-21,146647,61675,84972,7,"6702.T(H), 8316.T(H), 6301.T(H), 6723.T(H), 7013.T(H), 7751.T(H), 6506.T(H)",HOMERUN
2025-02-25,144855,51371,93484,7,"6702.T(H), 8316.T(H), 6301.T(H), 6723.T(H), 7751.T(H), 6506.T(H), 6981.T(H)",HOMERUN
2025-02-26,143285,71607,71677,6,"6702.T(H), 8316.T(H), 6301.T(H), 7751.T(H), 6506.T(H), 6981.T(H)",HOMERUN
2025-02-27,143397,43439,99958,7,"6702.T(H), 8316.T(H), 6301.T(H), 7751.T(H), 6506.T(H), 6981.T(H), 8306.T(H)",HOMERUN
2025-02-28,140716,59085,81630,6,"8316.T(H), 6301.T(H), 7751.T(H), 6506.T(H), 8306.T(H), 6702.T(H)",HOMERUN
2025-03-03,143139,13122,130016,8,"8316.T(H), 6301.T(H), 7751.T(H), 6506.T(H), 8306.T(H), 6702.T(H), 8002.T(H), 7013.T(H)",HOMERUN
2025-03-04,145046,6676,138369,9,"8316.T(H), 6301.T(H), 7751.T(H), 8306.T(H), 6702.T(H), 8002.T(H), 7013.T(H), 6758.T(H), 7011.T(H)",HOMERUN
2025-03-05,148507,10839,137667,8,"8316.T(H), 7751.T(H), 8306.T(H), 6702.T(H), 8002.T(H), 7013.T(H), 6758.T(H), 7011.T(H)",HOMERUN
2025-03-06,151871,10839,141031,8,"8316.T(H), 7751.T(H), 8306.T(H), 6702.T(H), 8002.T(H), 7013.T(H), 6758.T(H), 7011.T(H)",HOMERUN
2025-03-07,148521,51916,96605,6,"8316.T(H), 8306.T(H), 8002.T(H), 6758.T(H), 7011.T(H), 6702.T(H)",HOMERUN
2025-03-10,147372,12672,134700,7,"8316.T(H), 8306.T(H), 8002.T(H), 6758.T(H), 6702.T(H), 6981.T(H), 7011.T(H)",HOMERUN
2025-03-11,144695,45569,99126,4,"8002.T(H), 6981.T(H), 7011.T(H), 6758.T(H)",HOMERUN
2025-03-12,147167,21671,125496,6,"8002.T(H), 6981.T(H), 7011.T(H), 6758.T(H), 6702.T(H), 6723.T(H)",HOMERUN
2025-03-13,146535,21332,125203,7,"8002.T(H), 7011.T(H), 6758.T(H), 6702.T(H), 6723.T(H), 8306.T(H), 8766.T(H)",HOMERUN
2025-03-14,148007,13522,134484,9,"8002.T(H), 7011.T(H), 6758.T(H), 6702.T(H), 6723.T(H), 8306.T(H), 8766.T(H), 8316.T(H), 8411.T(H)",HOMERUN
2025-03-17,152980,8404,144576,10,"8002.T(H), 7011.T(H), 6758.T(H), 6702.T(H), 6723.T(H), 8306.T(H), 8766.T(H), 8316.T(H), 8411.T(H), 8058.T(H)",HOMERUN
2025-03-18,155591,8404,147186,10,"8002.T(H), 7011.T(H), 6758.T(H), 6702.T(H), 6723.T(H), 8306.T(H), 8766.T(H), 8316.T(H), 8411.T(H), 8058.T(H)",HOMERUN
2025-03-19,157425,8404,149020,10,"8002.T(H), 7011.T(H), 6758.T(H), 6702.T(H), 6723.T(H), 8306.T(H), 8766.T(H), 8316.T(H), 8411.T(H), 8058.T(H)",HOMERUN
2025-03-21,158505,8404,150100,10,"8002.T(H), 7011.T(H), 6758.T(H), 6702.T(H), 6723.T(H), 8306.T(H), 8766.T(H), 8316.T(H), 8411.T(H), 8058.T(H)",HOMERUN
2025-03-24,157103,8404,148699,10,"8002.T(H), 7011.T(H), 6758.T(H), 6702.T(H), 6723.T(H), 8306.T(H), 8766.T(H), 8316.T(H), 8411.T(H), 8058.T(H)",HOMERUN
2025-03-25,156030,27144,128886,9,"8002.T(H), 7011.T(H), 6758.T(H), 6702.T(H), 6723.T(H), 8766.T(H), 8316.T(H), 8411.T(H), 8058.T(H)",HOMERUN
2025-03-26,156493,42626,113867,9,"8002.T(H), 6758.T(H), 6702.T(H), 6723.T(H), 8766.T(H), 8316.T(H), 8411.T(H), 8058.T(H), 7974.T(H)",HOMERUN
2025-03-27,157042,25760,131281,10,"8002.T(H), 6758.T(H), 6702.T(H), 6723.T(H), 8766.T(H), 8316.T(H), 8411.T(H), 8058.T(H), 7974.T(H), 8306.T(H)",HOMERUN
2025-03-28,155921,25760,130161,10,"8002.T(H), 6758.T(H), 6702.T(H), 6723.T(H), 8766.T(H), 8316.T(H), 8411.T(H), 8058.T(H), 7974.T(H), 8306.T(H)",HOMERUN
2025-03-31,150798,40191,110606,7,"8002.T(H), 6758.T(H), 6702.T(H), 8316.T(H), 8411.T(H), 8058.T(H), 8306.T(H)",HOMERUN
2025-04-01,150816,40191,110624,7,"8002.T(H), 6758.T(H), 6702.T(H), 8316.T(H), 8411.T(H), 8058.T(H), 8306.T(H)",HOMERUN
2025-04-02,149273,28434,120839,7,"8002.T(H), 6758.T(H), 6702.T(H), 8411.T(H), 8058.T(H), 8306.T(H), 7011.T(H)",HOMERUN
2025-04-03,142745,68870,73874,3,"6702.T(H), 7011.T(H), 8058.T(H)",HOMERUN
2025-04-04,138827,83364,55462,1,7013.T(H),HOMERUN
2025-04-07,132211,132211,0,0,,HOMERUN
2025-04-08,132211,132211,0,0,,HOMERUN
2025-04-09,132211,132211,0,0,,HOMERUN
2025-04-10,132211,1076,131134,1,6503.T(H),HOMERUN
2025-04-11,130050,1076,128974,1,6503.T(H),HOMERUN
2025-04-14,128808,1076,127732,1,6503.T(H),HOMERUN
2025-04-15,128684,1076,127608,1,6503.T(H),HOMERUN
2025-04-16,124884,1076,123808,1,6503.T(H),HOMERUN
2025-04-17,128411,1076,127335,1,6503.T(H),HOMERUN
2025-04-18,129305,1076,128229,1,6503.T(H),HOMERUN
2025-04-21,126573,1076,125497,1,6503.T(H),HOMERUN
2025-04-22,125679,1076,124603,1,6503.T(H),HOMERUN
2025-04-23,128113,1076,127037,1,6503.T(H),GUERRILLA
2025-04-24,127616,1076,126540,1,6503.T(H),GUERRILLA
2025-04-25,132533,1076,131457,1,6503.T(H),GUERRILLA
2025-04-28,131217,1076,130141,1,6503.T(H),GUERRILLA
2025-04-30,138196,1076,137120,1,6503.T(H),GUERRILLA
2025-05-01,142319,1076,141243,1,6503.T(H),GUERRILLA
2025-05-02,140680,1076,139604,1,6503.T(H),GUERRILLA
2025-05-07,139140,1076,138064,1,6503.T(H),GUERRILLA
2025-05-08,140729,1076,139653,1,6503.T(H),GUERRILLA
2025-05-09,142518,1076,141442,1,6503.T(H),GUERRILLA
2025-05-12,143014,1076,141938,1,6503.T(H),GUERRILLA
2025-05-13,142294,1076,141218,1,6503.T(H),GUERRILLA
2025-05-14,141102,1076,140026,1,6503.T(H),GUERRILLA
2025-05-15,141971,1076,140895,1,6503.T(H),GUERRILLA
2025-05-16,146864,1076,145788,1,6503.T(H),GUERRILLA
2025-05-19,146293,1076,145217,1,6503.T(H),GUERRILLA
2025-05-20,147112,1076,146036,1,6503.T(H),GUERRILLA
2025-05-21,145572,1076,144496,1,6503.T(H),GUERRILLA
2025-05-22,147733,1076,146657,1,6503.T(H),GUERRILLA
2025-05-23,149397,1076,148321,1,6503.T(H),GUERRILLA
2025-05-26,150639,1076,149563,1,6503.T(H),GUERRILLA
2025-05-27,153321,1076,152245,1,6503.T(H),GUERRILLA
2025-05-28,145175,1076,144099,1,6503.T(H),GUERRILLA
2025-05-29,147311,1076,146235,1,6503.T(H),GUERRILLA
2025-05-30,145324,1076,144248,1,6503.T(H),GUERRILLA
2025-06-02,144132,1076,143056,1,6503.T(H),GUERRILLA
2025-06-03,148900,1076,147824,1,6503.T(H),GUERRILLA
2025-06-04,149099,1076,148023,1,6503.T(H),GUERRILLA
2025-06-05,145771,1076,144695,1,6503.T(H),GUERRILLA
2025-06-06,146094,1076,145018,1,6503.T(H),GUERRILLA
2025-06-09,150639,1076,149563,1,6503.T(H),GUERRILLA
2025-06-10,148652,1076,147576,1,6503.T(H),GUERRILLA
2025-06-11,146268,1076,145192,1,6503.T(H),GUERRILLA
2025-06-12,146442,1076,145366,1,6503.T(H),GUERRILLA
2025-06-13,145945,1076,144869,1,6503.T(H),GUERRILLA
2025-06-16,147882,1076,146806,1,6503.T(H),HOMERUN
2025-06-17,150341,1076,149265,1,6503.T(H),HOMERUN
2025-06-18,151533,1076,150457,1,6503.T(H),HOMERUN
2025-06-19,150589,1076,149513,1,6503.T(H),HOMERUN
2025-06-20,150440,1076,149364,1,6503.T(H),HOMERUN
2025-06-23,148727,1076,147651,1,6503.T(H),HOMERUN
2025-06-24,150540,1076,149464,1,6503.T(H),HOMERUN
2025-06-25,153470,1076,152394,1,6503.T(H),HOMERUN
2025-06-26,151781,1076,150705,1,6503.T(H),HOMERUN
2025-06-27,156252,1076,155176,1,6503.T(H),HOMERUN
2025-06-30,155606,1076,154530,1,6503.T(H),HOMERUN
2025-07-01,157146,1076,156070,1,6503.T(H),HOMERUN
2025-07-02,154116,1076,153040,1,6503.T(H),HOMERUN
2025-07-03,152874,1076,151798,1,6503.T(H),HOMERUN
2025-07-04,154315,1076,153239,1,6503.T(H),HOMERUN
2025-07-07,152874,1076,151798,1,6503.T(H),HOMERUN
2025-07-08,153371,1076,152295,1,6503.T(H),HOMERUN
2025-07-09,155855,1076,154779,1,6503.T(H),HOMERUN
2025-07-10,154861,1076,153785,1,6503.T(H),GUERRILLA
2025-07-11,153470,1076,152394,1,6503.T(H),GUERRILLA
2025-07-14,153421,1076,152345,1,6503.T(H),GUERRILLA
2025-07-15,155805,1076,154729,1,6503.T(H),GUERRILLA
2025-07-16,155954,1076,154878,1,6503.T(H),GUERRILLA
2025-07-17,155507,1076,154431,1,6503.T(H),GUERRILLA
2025-07-18,155557,1076,154481,1,6503.T(H),GUERRILLA
2025-07-22,160722,1076,159646,1,6503.T(H),GUERRILLA
2025-07-23,164200,1076,163123,1,6503.T(H),GUERRILLA
2025-07-24,167329,1076,166253,1,6503.T(H),GUERRILLA
2025-07-25,165441,1076,164365,1,6503.T(H),GUERRILLA
2025-07-28,164299,1076,163223,1,6503.T(H),GUERRILLA
2025-07-29,162709,1076,161633,1,6503.T(H),GUERRILLA
2025-07-30,163454,1076,162378,1,6503.T(H),GUERRILLA
2025-07-31,167081,1076,166004,1,6503.T(H),GUERRILLA
2025-08-01,174730,1076,173654,1,6503.T(H),GUERRILLA
2025-08-04,172197,1076,171121,1,6503.T(H),GUERRILLA
2025-08-05,174432,1076,173356,1,6503.T(H),GUERRILLA
2025-08-06,178803,1076,177727,1,6503.T(H),GUERRILLA
2025-08-07,181088,1076,180012,1,6503.T(H),GUERRILLA
2025-08-08,180591,1076,179515,1,6503.T(H),GUERRILLA
2025-08-12,183174,1076,182098,1,6503.T(H),GUERRILLA
2025-08-13,185112,1076,184036,1,6503.T(H),GUERRILLA
2025-08-14,182082,1076,181006,1,6503.T(H),GUERRILLA
2025-08-15,181138,1076,180062,1,6503.T(H),GUERRILLA
2025-08-18,183820,1076,182744,1,6503.T(H),GUERRILLA
2025-08-19,188340,1076,187264,1,6503.T(H),GUERRILLA
2025-08-20,184466,1076,183390,1,6503.T(H),GUERRILLA
2025-08-21,183671,1076,182595,1,6503.T(H),GUERRILLA
2025-08-22,184814,1076,183738,1,6503.T(H),GUERRILLA
2025-08-25,185459,1076,184383,1,6503.T(H),GUERRILLA
2025-08-26,181933,1076,180857,1,6503.T(H),GUERRILLA
2025-08-27,181187,1076,180111,1,6503.T(H),GUERRILLA
2025-08-28,180939,1076,179863,1,6503.T(H),GUERRILLA
2025-08-29,177512,1076,176436,1,6503.T(H),GUERRILLA
2025-09-01,175803,175803,0,0,,GUERRILLA
2025-09-02,175803,175803,0,0,,GUERRILLA
2025-09-03,175803,175803,0,0,,GUERRILLA
2025-09-04,175803,106730,69073,1,9107.T(G),GUERRILLA
2025-09-05,176663,106730,69933,1,9107.T(G),GUERRILLA
2025-09-08,177357,106730,70627,1,9107.T(G),GUERRILLA
2025-09-09,176527,106730,69797,1,9107.T(G),GUERRILLA
2025-09-10,177055,106730,70325,1,9107.T(G),GUERRILLA
2025-09-11,176814,64374,112440,2,"9107.T(G), 3436.T(G)",GUERRILLA
2025-09-12,178425,64374,114050,2,"9107.T(G), 3436.T(G)",GUERRILLA
2025-09-16,180000,110112,69888,1,9107.T(G),GUERRILLA
2025-09-17,180136,66899,113237,2,"9107.T(G), 5411.T(G)",GUERRILLA
2025-09-18,179843,66899,112943,2,"9107.T(G), 5411.T(G)",GUERRILLA
2025-09-19,178363,42346,136017,3,"9107.T(G), 5411.T(G), 5713.T(G)",GUERRILLA
2025-09-22,176980,109396,67583,2,"5411.T(G), 5713.T(G)",GUERRILLA
2025-09-24,177230,151617,25612,1,5713.T(G),GUERRILLA
2025-09-25,178473,108193,70279,1,5411.T(G),GUERRILLA
2025-09-26,178398,65353,113045,2,"5411.T(G), 5401.T(G)",GUERRILLA
2025-09-29,181806,54243,127563,3,"5411.T(G), 9101.T(G), 9107.T(G)",GUERRILLA
2025-09-30,179673,62059,117614,3,"9101.T(G), 1605.T(G), 3993.T(G)",GUERRILLA
2025-10-01,178070,53394,124675,3,"1605.T(G), 3993.T(G), 5411.T(G)",GUERRILLA
2025-10-02,178442,53394,125048,3,"1605.T(G), 3993.T(G), 5411.T(G)",GUERRILLA
2025-10-03,177855,113002,64853,2,"3993.T(G), 5411.T(G)",GUERRILLA
2025-10-06,178876,105122,73754,3,"3993.T(G), 5411.T(G), 2768.T(G)",GUERRILLA
2025-10-07,180422,65446,114976,4,"3993.T(G), 5411.T(G), 2768.T(G), 6526.T(G)",GUERRILLA
2025-10-08,179830,65446,114384,4,"3993.T(G), 5411.T(G), 2768.T(G), 6526.T(G)",GUERRILLA
2025-10-09,180079,39953,140125,5,"3993.T(G), 5411.T(G), 2768.T(G), 6526.T(G), 2413.T(G)",GUERRILLA
2025-10-10,179503,50401,129101,5,"3993.T(G), 5411.T(G), 2768.T(G), 2413.T(G), 6526.T(G)",GUERRILLA
2025-10-14,175705,80160,95545,4,"5411.T(G), 2413.T(G), 6526.T(G), 3993.T(G)",GUERRILLA
2025-10-15,176003,75581,100422,5,"5411.T(G), 2413.T(G), 6526.T(G), 3993.T(G), 4483.T(G)",GUERRILLA
2025-10-16,178033,65163,112870,4,"5411.T(G), 6526.T(G), 4483.T(G), 3687.T(G)",GUERRILLA
2025-10-17,174504,98204,76300,3,"6526.T(G), 4483.T(G), 3687.T(G)",GUERRILLA
2025-10-20,178286,98204,80082,3,"6526.T(G), 4483.T(G), 3687.T(G)",GUERRILLA
2025-10-21,175912,98204,77707,3,"6526.T(G), 4483.T(G), 3687.T(G)",GUERRILLA
2025-10-22,176340,62297,114042,3,"6526.T(G), 3687.T(G), 5401.T(G)",GUERRILLA
2025-10-23,175710,62297,113413,3,"6526.T(G), 3687.T(G), 5401.T(G)",GUERRILLA
2025-10-24,176021,62297,113724,3,"6526.T(G), 3687.T(G), 5401.T(G)",GUERRILLA
2025-10-27,178766,62297,116469,3,"6526.T(G), 3687.T(G), 5401.T(G)",GUERRILLA
2025-10-28,177282,52483,124799,4,"6526.T(G), 3687.T(G), 5401.T(G), 5713.T(G)",GUERRILLA
2025-10-29,176743,52483,124260,4,"6526.T(G), 3687.T(G), 5401.T(G), 5713.T(G)",GUERRILLA
2025-10-30,178639,38243,140396,5,"6526.T(G), 3687.T(G), 5401.T(G), 5713.T(G), 7735.T(G)",GUERRILLA
2025-10-31,182496,74004,108492,4,"3687.T(G), 5401.T(G), 5713.T(G), 7735.T(G)",GUERRILLA
2025-11-04,178456,86314,92142,3,"3687.T(G), 5401.T(G), 5713.T(G)",GUERRILLA
2025-11-05,174702,125170,49531,2,"5401.T(G), 5713.T(G)",GUERRILLA
2025-11-06,173910,164046,9864,1,5713.T(G),GUERRILLA
2025-11-07,173866,164046,9820,1,5713.T(G),GUERRILLA
2025-11-10,174449,106875,67574,1,6315.T(G),GUERRILLA
2025-11-11,179259,168574,10685,1,7012.T(G),GUERRILLA
2025-11-12,179119,168574,10545,1,7012.T(G),GUERRILLA
2025-11-13,179254,168574,10680,1,7012.T(G),GUERRILLA
2025-11-14,179109,168574,10535,1,7012.T(G),GUERRILLA
2025-11-17,179299,106654,72645,2,"7012.T(G), 6254.T(G)",GUERRILLA
2025-11-18,173430,163280,10150,1,7012.T(G),GUERRILLA
2025-11-19,173475,163280,10195,1,7012.T(G),GUERRILLA
2025-11-20,173515,163280,10235,1,7012.T(G),GUERRILLA
2025-11-21,173276,163280,9996,1,7012.T(G),GUERRILLA
2025-11-25,173096,99918,73178,2,"7012.T(G), 4385.T(G)",GUERRILLA
2025-11-26,176109,99918,76191,2,"7012.T(G), 4385.T(G)",GUERRILLA
2025-11-27,176153,99918,76235,2,"7012.T(G), 4385.T(G)",GUERRILLA
2025-11-28,176175,99918,76257,2,"7012.T(G), 4385.T(G)",GUERRILLA
