2025-12-09,8035.T,1d,SELL,,ボラティリティが3.47%と基準(2%)を超過しリスクが高い。RSIが71.8と過熱圏にあり、半導体株売りのニュースも出ているため、急落前に利益確定し逃げるべき局面。,85,31800.0,トレンド転換の目安となるSMA25割れライン,33590.0,2.909278072572641,1.1336707353379067,17.118107007796528,3.4746735848254153,0
2025-12-09,8035.T,1d,SELL,,ボラティリティが3.47%と基準(2%)を超過しリスクが高い。RSIが71.8と過熱圏にあり、半導体株売りのニュースも出ているため、急落前に利益確定し逃げるべき局面。,85,31800.0,トレンド転換の目安となるSMA25割れライン,33590.0,2.909278072572641,1.1336707353379067,17.118107007796528,3.4746735848254158,0
2025-12-09,6146.T,1d,SELL,,ボラティリティが4.18%と許容値の2倍以上で危険。RSIも82超と過熱感が著しく、急騰後の反落リスクが高い。スナイパーとして不確実な乱高下を避け、ルール通り利益確定・撤退を最優先する。,95,46500.0,SMA25を下抜けしトレンドが崩れた場合は即撤退,49670.0,6.921136244263226,-5.598550432856832,126.46119317500842,4.18044810031925,0
2025-12-09,6920.T,1d,SELL,,ボラティリティ4.45%と基準(2.0%)を大幅に超過。RSI86.5、SMA乖離+13%超と極度の過熱感があり、急落リスクが高いためルール通り利益確定・撤退を推奨。,95,29200.0,SMA25を下回った場合はトレンド転換とみなす,32910.0,13.685825025390177,8.51291400790033,97.68055819303196,4.451534487997569,0
2025-12-09,6857.T,1d,SELL,,ボラティリティ5.32%は許容値2.0%を大幅に超過しており警告基準に抵触。トレンドの勢いも弱く出来高も減少しており、高値圏での急落リスクが高いため、安全第一で利益確定・撤退を推奨。,95,19800.0,トレンドの支えであるSMA25を明確に割り込むライン,20255.0,0.7030069206904743,-0.6220686250308566,-35.26920529622562,5.3214373875938925,0
2025-12-09,6723.T,1d,SELL,,ボラティリティ4.13%は基準(2.0%)を大幅超過。RSI79.5の過熱感とSMA乖離12%超えは急落リスクが高く、スナイパーの規律としてここは利確・撤退すべき局面。,95,2080.0,ボラティリティ高騰によるリスク管理のため、現在価格での利益確定を強く推奨。,2141.0,12.29295821925711,3.4432508173750493,152.78184720471026,4.126909988656837,0
2025-12-09,7735.T,1d,SELL,,ボラティリティ3.96%と基準(2%)を大幅超過。RSI73.4かつSMA乖離+7%超で過熱感があり、反落リスクが高い。ルール通り新規買いは禁止、保有玉は利益確定して逃げる局面。,90,13200.0,ボラティリティ過大のため即時撤退推奨。下値支持線割れで完全撤退。,13765.0,7.224091730541526,-0.5201598256447406,107.61093211948098,3.9619116807638415,0
2025-12-09,6526.T,1d,SELL,,ボラティリティ4.11%は基準の2.0%を大幅に超えており危険。RSI約70で過熱感もあり、急騰後の反動安リスクが高い。ルール通り「新規買い禁止・撤退検討」に従い、利益確定を推奨。,95,2280.0,SMA25を下回ればリバウンド終了と判断,2348.0,3.0873520424291367,-12.41056218057924,182.93236480442,4.105317595522025,0
2025-12-09,6758.T,1d,SELL,,ボラティリティ2.54%と高く基準超過。株価はSMA25を明確に割り込みトレンド崩壊。RSIは売られすぎだが反発の兆候なく、さらなる下落リスクが高いため決済推奨。,95,4400.0,トレンド崩壊のため即時撤退が最善,4306.0,-2.961193491684311,0.1634928007431271,-65.23551006742584,2.5363280472430496,0
2025-12-09,6861.T,1d,SELL,,ボラティリティが2.20%と基準の2.0%を超過しており危険。SMA25が下向きで価格がその下にある典型的な下降トレンド。出来高も低調で反転の兆しがなく、リスク回避のため即時撤退を推奨。,90,55500.0,下降トレンド中のSMA25戻り高値ライン,54250.0,-0.3490080822924346,-4.558156682027655,48.18340354835743,2.2027649769585254,0
2025-12-09,6501.T,1d,SELL,,ボラティリティ2.81%と基準の2.0%を超過しリスク過多。価格がSMA25を下回り(-1.34%)下降トレンド入りを示唆。確実に勝てる局面ではないため、防御優先で手仕舞いを推奨。,85,4800.0,直近安値サポート割れで下降トレンド確定のため即時撤退,4910.0,-1.3446067045482013,-0.0146639511201495,-38.63133911112816,2.8135001454757056,0
2025-12-09,6503.T,1d,SELL,,ボラティリティ2.84%が安全基準(2.0%)を超過しておりリスク過大。RSI81.7と過熱水域にあり、反落の可能性が高い。規律に従い、新規買いは見送り保有ポジションの利益確定を推奨。,85,4450.0,ボラティリティ拡大に伴う急落リスク回避のため,4593.0,6.885541944372053,2.915741345525801,68.7843530184539,2.839725047432428,0
2025-12-09,6981.T,1d,SELL,,ボラティリティが2.54%と基準(2.0%)を超えリスクが高い。RSI79.0と過熱圏にあり、SMA乖離も大きく短期的な調整の可能性が高い。「負けない」ために高値圏での利益確定を優先。,90,0.0,利益確定およびリスク回避のための決済推奨,3401.0,5.507091714544532,3.328432813878266,52.443203618849054,2.541269374553703,0
2025-12-09,6954.T,1d,SELL,,ボラティリティ3.69%と基準の2.0%を超過しており新規BUY禁止。RSIが90超、SMA乖離率18%超と異常な過熱水準にあり、急落リスクが極めて高いため、利益確定による手仕舞いを推奨。,95,5850.0,ボラティリティ急拡大につき即時撤退推奨。トレンド転換ライン。,6164.0,18.49197622471184,6.258273848150555,178.5205012097419,3.690785204412719,0
2025-12-09,7741.T,1d,SELL,,ボラティリティが2.40%と基準(2.0%)を超過しリスクが高い。株価がSMA25を下回り(-1.52%)短期トレンドも下降転換しているため、新規買いは厳禁。保有株は決済し資金保全を最優先せよ。,95,23000.0,ボラティリティ拡大のため即時撤退推奨,23600.0,-1.5164792975955077,-0.8779661016949029,-12.227174646254792,2.4001210653753025,0
2025-12-09,6902.T,1d,HOLD,,SMA25を下回り下降トレンド継続中。価格がSMAの下にあり、かつ出来高倍率0.93倍と買い圧力も不足。決算未達の悪材料もあり、底打ちの確証が得られるまで静観が最善。,95,1990.0,直近安値を割り込んだ場合、下降トレンド継続確定のため撤退。,2036.0,-1.2130033964095066,-4.695481335952866,11.393939427013246,1.8681588548975585,0
2025-12-09,6367.T,1d,SELL,,ボラティリティが2.07%と基準の2.0%を超過し、株価もSMA25を下回った（乖離-1.04%）。上昇トレンド崩壊のリスクが高く、ルール通り「負けないこと」を最優先しポジションを解消すべき局面。,95,19000.0,SMA25割れ確定によるトレンド転換回避のため即時撤退,19500.0,-1.0363272804782775,3.16717948717948,-52.71332095590091,2.073260073260073,0
2025-12-09,6594.T,1d,SELL,,ボラティリティ3.29%は取引禁止レベル。特設注意銘柄指定等の悪材料に加え、下降トレンド中のRSI74超（過熱）は絶好の逃げ場。リスク管理のため全決済を強く推奨。,95,2000.0,ボラティリティ拡大と悪材料により即時撤退推奨。節目2000円割れは底なしのリスク。,2090.0,1.965146459028566,-0.3789473684210561,147.55634742189508,3.2911825017088177,0
2025-12-09,7751.T,1d,BUY,,自社株買い発表と円安進行が強力な追い風。低ボラティリティ(1.75%)かつBB幅6%台のスクイーズ状態で、出来高増を伴う上放れ初動の形状。上昇トレンド継続と判断。,85,4480.0,SMA25ラインの下抜けかつ直近安値を割り込む水準,4635.0,3.056795745210694,1.199568500539382,16.446469581468776,1.750654954538449,0
2025-12-09,7203.T,1d,HOLD,,SMA25を下回る下降トレンド中であり、BUYの必須条件（価格>SMA25）を満たしていない。RSIは売られすぎ水準に近いが、出来高増を伴う反転シグナルがなく、底打ち未確認のため静観。,95,3000.0,直近安値を明確に下回った場合、下降トレンド継続と判断し撤退。,3066.0,-1.1044306247258162,-1.544683626875427,-31.726067074499905,1.998881744478613,0
2025-12-09,7267.T,1d,HOLD,,下降トレンド中で価格がSMA25を下回っており、BUYの必須条件「SMA上向きかつ価格が上」を満たしていない。RSIは低いが底打ちの確証（出来高急増等）がなく、じり安リスクが高いため静観。,95,1490.0,保有前提の場合：直近安値を下回れば下降トレンド継続確定のため撤退。,1525.0,-0.9302809032559756,-1.7259016393442732,-0.0295762979439613,1.859484777517564,0
2025-12-09,7270.T,1d,SELL,,ボラティリティが2.48%と基準(2.0%)を超過し危険水域。さらに通期利益50%減の悪材料に加え、価格がSMA25を下回りトレンドが崩壊。確実に勝てる局面ではなく、資産防衛のための撤退局面。,95,3260.0,トレンド崩壊確認ライン。リスク管理のため即時撤退を推奨。,3369.0,-0.7073386383731228,0.2398337785693062,-67.81651417485766,2.484840775134631,0
2025-12-09,7201.T,1d,SELL,,ボラティリティが2.86%と基準(2.0%)を超過し危険水域。SMA25乖離+7.52%の過熱感に加え、業績悪化ニュース下の急騰は梯子外しのリスク大。「負けない」ために利益確定し撤退。,95,380.0,ボラティリティ急拡大に伴うリスク回避ライン,393.8999938964844,7.523064338178842,0.716932375168645,46.843535983022015,2.859680731430201,0
2025-12-09,7269.T,1d,SELL,,ボラティリティが2.44%と許容範囲(2.0%)を超過し、相場が不安定化している。RSIが18.5まで急低下しており下落圧力が極めて強い。SMA25付近だが、安全第一のルールに従いリスク回避の撤退を推奨。,90,2300.0,トレンドの生命線であるSMA25を割り込むライン。ここを割ると下落加速のリスク大。,2324.0,0.4200010370395857,0.6850258175559412,-52.87341732483502,2.444984017703467,0
2025-12-09,8306.T,1d,HOLD,,上昇トレンドかつ金利上昇の好材料があるが、ボラティリティ2.23%と基準(2.0%)超過のため新規BUYは危険。トレンド崩壊までは利益を伸ばす方針でHOLD。,75,2380.0,SMA25を下回りトレンド転換が示唆されるライン,2486.0,3.145823133541903,3.282381335478658,21.44903192666341,2.233938627743937,0
2025-12-09,8316.T,1d,SELL,,ボラティリティが2.34%と基準の2.0%を超えリスク許容範囲外。SMA25乖離率も7.65%と過熱感が強く、高値圏での調整リスクが高まっている。「負けないこと」を最優先し、過熱相場から確実に利益を持ち逃げする。,85,4750.0,ボラティリティ基準超過のため即時利益確定を推奨,4849.0,7.654121450011542,6.325427923283137,45.540007246524354,2.342161859588133,0
2025-12-09,8411.T,1d,SELL,,ボラティリティが2.18%と基準(2.0%)を超え、RSI71.9・SMA乖離6%超と過熱感が顕著。ルール上の「逃げ」条件に該当するため、トレンド崩壊前に利益を確実に確保し撤退する。,90,5500.0,ボラティリティ超過および過熱感による利益確定撤退,5648.0,6.228511672346726,4.226628895184157,38.49347463882103,2.179026709834075,0
2025-12-09,8766.T,1d,SELL,,ボラティリティ2.53%と基準(2.0%)を超過し危険。週足・日足共に下降トレンドでSMA25の下に位置し、売り気配のニュースもあり下落リスクが高い。,95,5650.0,下降トレンド継続中。リスク管理のため即時撤退推奨。,5546.0,-2.2131633142438045,-2.170934006491158,27.342564114130766,2.529493586110968,0
2025-12-09,8725.T,1d,SELL,,ボラティリティが2.28%と基準(2.0%)を超過。RSI79超に加えSMA25乖離も+6%と過熱感が著しい。急激な調整下落のリスクが高いため、ルール通り利益確定しリスクを回避する。,95,3450.0,短期的なトレンド転換点かつSMA25に接近するライン,3588.0,6.340098634294389,3.663322185061304,51.30727164498919,2.281414237935977,0
2025-12-09,8591.T,1d,HOLD,,強力な上昇トレンド中だが、SMA25乖離率が6%超と過熱気味。RSIも66と高く、押し目でもスクイーズからの初動でもないため、高値掴みリスクを回避し調整を待つ。,85,4180.0,短期過熱感調整時のサポートライン割れ,4318.0,6.210275684291311,5.183881426586385,31.754117058802628,1.8262423079468009,0
2025-12-09,8604.T,1d,SELL,,ボラティリティが2.56%と基準(2.0%)を超えリスク過多。SMA乖離+6%で過熱感があり、出来高も減少傾向のため、調整入り前の確実な利益確定（逃げ）を推奨。,90,1150.0,トレンドの支えであるSMA25(1150円付近)を下回った場合,1208.5,5.992036345138474,3.9619362846504025,46.44741288732377,2.5622081683314617,0
2025-12-09,8058.T,1d,SELL,,ボラティリティが2.06%と許容基準(2.0%)を超過。トレンドは継続中だが、相場が不安定化しており「負けないこと」を最優先し利益確定（逃げ）を選択。,85,3680.0,ボラティリティ上昇によるリスク回避のため利確ラインを設定,3810.0,3.566380341415676,0.793700787401593,32.787636756924684,2.0622422197225343,0
2025-12-09,8031.T,1d,HOLD,,強力な上昇トレンド中だが、ボラティリティが2.09%と基準を超え過熱気味。新規買いはルール上禁止。急落リスクを警戒しつつ、トレンドが崩れるまでは利益を伸ばす局面と判断。,70,4100.0,SMA25付近かつ直近のサポートライン割れで撤退,4308.0,5.758278015632978,4.142989786443837,28.30186407625535,2.0924525799177607,0
2025-12-09,8001.T,1d,BUY,,ボラティリティ1.94%と安定圏内でBB幅7%台のスクイーズから出来高増を伴い上昇中。株式分割の好材料も支援し、典型的な爆発初動の形状。,85,9200.0,SMA25ラインかつ直近サポート割れでトレンド転換と判断,9544.0,2.8874016834552263,1.8264878457669709,1.8015222154483796,1.94288109208478,0
2025-12-09,8002.T,1d,SELL,,ボラティリティ2.29%で基準の2.0%を超過。RSI83超、SMA乖離8%超と短期過熱感が極めて強く、急騰後の反動安リスクが高い。規律に従いリスク回避・利益確定を最優先する。,95,4300.0,ボラティリティ規定超過およびRSI過熱による即時利益確定推奨,4362.0,8.836680106990302,4.454837230628167,74.93243606721757,2.2892513263902536,0
2025-12-09,8015.T,1d,SELL,,ボラティリティ2.74%は安全基準(2.0%)を超過しており危険水域。SMA25乖離+4.7%と過熱感も強く、ルールに基づき利益確定しリスクを回避すべき局面。,90,4850.0,ボラティリティ拡大による急落リスク回避のため即時決済推奨,5121.0,4.700802276797766,3.844561609060715,4.928366599521518,2.744999581554942,0
2025-12-09,2768.T,1d,HOLD,,強力な上昇トレンドだがRSI79と過熱感が強く、SMA乖離も7%超。新規BUY条件の「押し目」や「初動」に合致せず高値掴みのリスクがあるため、調整を待つのがスナイパー流の規律。,85,4450.0,保有中の場合、SMA25を下回ったら決済,4759.0,7.126778318026306,4.728724521958375,35.14093014141216,1.8506288836190077,0
2025-12-09,7011.T,1d,HOLD,,ボラティリティ2.90%と基準(2.0%)超過のため新規買いは禁止。RSI77.7と過熱感があり、急騰後の反落リスクが高い。トレンドは好転しつつあるが、押し目を待ち安全圏で狙撃する。,85,4100.0,トレンド転換ラインであるSMA25を下回った場合、上昇失敗と判断し撤退。,4266.0,2.809053751831581,-3.831223628691995,70.77364072743684,2.9016810662380284,0
2025-12-09,7012.T,1d,SELL,,ボラティリティ3.19%は許容範囲(2.0%)を超過し危険。RSIが91.9と異常な過熱水準にあり、急反落のリスクが極めて高い。確実性を最優先し、ルールに従い利益確定・撤退を行う局面。,95,10750.0,ボラティリティ拡大による急落リスク回避のため,11430.0,7.486637050634393,-4.941382327209124,110.68379236914004,3.1927259092613425,0
2025-12-09,7013.T,1d,SELL,,ボラティリティ3.5%で基準(2.0%)を超過。RSIが86.2と過熱水準にあり、急騰後の反落リスクが高い。高値圏での利益確定を最優先すべき局面。,90,2910.0,SMA25を下回れば短期トレンド終了と判断,3046.0,4.816175964542824,-2.103742613263293,95.00218304786408,3.495216208610824,0
2025-12-09,6301.T,1d,SELL,,ボラティリティが2.13%と基準(2.0%)を超過しておりリスク過多。SMA25を下回る下降トレンドに加え、証券会社の格下げ報道も悪材料。損失拡大を防ぐため決済・回避を推奨。,90,5150.0,下降トレンド継続のため即時撤退推奨。上値はSMA25が抵抗線。,5047.0,-1.4996565076192847,-3.3176144244105505,3.123215237037617,2.134224008604829,0
2025-12-09,5401.T,1d,HOLD,,減配報道による不透明感が強く、出来高増もなくエネルギー不足。BB幅縮小中だがトレンド判定は下降であり、下放れリスクがあるため静観。明確な好転シグナルが出るまで手出し無用。,85,598.0,心理的節目600円及び主要サポートライン割れで撤退,621.9000244140625,0.5692328275104241,-0.994371889479134,-1.89493629119812,1.9157906115530896,0
2025-12-09,9101.T,1d,HOLD,,明確な下降トレンド中で、価格が下向きのSMA25の下に位置しており「黄金パターン」に合致しない。出来高の増加もなく、底打ちの確証が得られないため、リスクを避けて静観すべき局面。,95,4800.0,保有中の場合、直近最安値および心理的節目の4800円割れで撤退。,4849.0,-1.674115290090772,-3.746751907609785,-4.661049064370808,1.3007100138467431,0
2025-12-09,9104.T,1d,HOLD,,BB幅収縮と価格のSMA25上抜けは好兆候だが、SMA自体の傾きがまだ上向いておらず、出来高増加も伴っていない。トレンド転換の確証が得られるまで監視継続。,85,4380.0,SMA25および直近安値の下抜けライン,4462.0,1.0251951674545845,-1.151053339309699,16.435885388308506,1.1381827495677788,0
2025-12-09,9107.T,1d,HOLD,,BB幅縮小で煮詰まりつつあるが、トレンドが下降判定かつ出来高増加が見られないため初動とは言えない。SMA25を僅かに上抜けたがダマシの可能性があり、明確なブレイクを待つべき局面。,90,2060.0,トレンド転換失敗時の直近安値割れライン,2108.0,0.9936471738067888,-2.256166982922177,19.654509023701703,1.2808349146110056,0
2025-12-09,9432.T,1d,HOLD,,ボラティリティ低下とBB幅縮小でエネルギー充填中だが、全体トレンドは下降判定。出来高増を伴う明確なSMA25上抜け（初動）を確認するまで待機が最善。,85,150.0,直近安値を下回り下降トレンドが加速した場合は撤退。,153.8000030517578,0.3235427852371186,-1.362808656872379,7.962511111706307,1.086756418750656,0
2025-12-09,9433.T,1d,BUY,,上昇トレンド維持かつSMA25上で推移。ボラティリティ1.53%と低く、RSI42.6への調整は絶好の押し目。BB幅3.22%のスクイーズ状態でエネルギーが充填されており、再上昇の期待値が高い。,85,2630.0,SMA25を明確に割り込み、トレンド前提が崩れるライン,2685.0,1.7130215396737425,3.2536312849162226,-30.81126963741091,1.5336525671721204,0
2025-12-09,9984.T,1d,SELL,,ボラティリティ6.73%は許容外。SMA25を下回る下降トレンド中で、RSI70超えは戻り売りのリスクが高い。スナイパーとして不確実な局面での戦闘は避け、安全第一で撤退を選択。,95,15600.0,トレンド崩壊確認済。保有継続の場合の最終防衛ラインは直近安値。,18800.0,-2.8915587970950063,-17.37446808510639,134.81804436298196,6.72872340425532,0
2025-12-09,9434.T,1d,HOLD,,価格がSMA25を下回り下降トレンド中。出来高倍率0.76と買い圧力も弱く、BUY条件の「SMA25より上」を満たさないため静観が妥当。,85,210.0,直近安値および心理的節目の210円を下回れば下降加速の懸念,217.8999938964844,-1.5256985217651176,-0.356126561539992,-43.49683920022471,1.71113874026083,0
2025-12-09,4661.T,1d,SELL,,SMA25が下向きかつ価格がその下に位置し、週足も最弱の下降トレンド。RSI24は売られすぎだが底打ちの確証なく、落ちるナイフの状態。BUY条件を全く満たしておらず、リスク回避のため決済・撤退を推奨。,95,3150.0,トレンド転換確認用のSMA25回復ライン,2845.0,-5.711653310531794,-7.214059753954299,6.352931752135666,1.936982174240522,0
2025-12-09,6098.T,1d,HOLD,,SMA25の上で推移し上昇トレンドは継続中だが、ボラティリティが2.99%と基準(2.0%)を超過しており新規は危険。出来高倍率も0.60倍と低く、方向感が定まるまで静観が最善。,60,7900.0,トレンド支持線のSMA25を明確に下回り、上昇トレンドの終了が示唆された場合。,8080.0,1.7539971186491865,2.5019801980198,35.67625820428169,2.9906294200848658,0
2025-12-09,7974.T,1d,SELL,,ボラティリティ2.60%は基準(2.0%)超過で新規BUY禁止。SMA25を大きく下回る急落中で「落ちるナイフ」状態。RSI16.5だが逆張りは危険すぎると判断。リスク回避を最優先し、ポジション解消を推奨。,95,11900.0,ボラティリティ拡大とSMA25大幅乖離によるトレンド崩壊のため即時撤退。,11900.0,-9.836189783455328,-1.8285714285714163,-118.8959997202208,2.5960384153661464,0
2025-12-09,9684.T,1d,SELL,,ボラティリティが2.13%と基準(2.0%)を超過し危険水域。SMA25乖離もマイナスで上昇トレンドの条件を満たさず、週足も下降中のため、ルール通りリスク回避を優先し撤退推奨。,90,2960.0,直近安値を下回れば下降加速の恐れ,3027.0,-1.4115700541308174,0.3409316154608727,-2.763303526155518,2.1331823115767614,0
2025-12-09,9697.T,1d,SELL,,ボラティリティ2.31%で基準(2.0%)超過。週足・日足共に明確な下降トレンドかつ減益決算でファンダも悪化。SMA25の下で推移しており、底打ちの兆候なし。リスク回避を最優先し撤退。,95,3610.0,ボラティリティ過大かつ下降トレンド継続のため即時撤退推奨,3685.0,-3.8110154006786745,-5.742198100407065,-2.919413717588222,2.308586935452607,0
2025-12-09,7832.T,1d,SELL,,ボラティリティ2.25%で基準(2.0%)を超過しており危険水域。明確な下降トレンドかつSMA25の下で推移。RSIは低いが反転のトリガーとなる出来高急増がなく、リスク回避のため撤退推奨。,95,0.0,規則違反のボラティリティのため即時撤退,4299.0,-4.723278636206485,-4.064200976971374,-24.37832356370487,2.249692619546074,0
2025-12-09,9983.T,1d,SELL,,ボラティリティが2.24%と基準(2.0%)を超過しており危険。株価がSMA25を割り込み(-1.09%)、チャート形状も下落を示唆。「確実に勝てる局面」ではなく調整入り濃厚なため、ルール通り手仕舞いを選択。,95,54500.0,SMA25を下回りトレンド崩壊懸念。リスク回避のため即時決済を推奨。,55670.0,-1.0937078044828463,0.5805640380815468,-36.53830987161261,2.2428083861530963,0
2025-12-09,3382.T,1d,HOLD,,ボラティリティ1.82%と安定しているが、RSIが26.2まで急落し「健全な押し目(40-50)」を逸脱。出来高倍率も0.94倍と反発エネルギーが不足しており、下げ止まり未確認のため静観。,90,0.0,新規エントリーを見送るため設定なし。保有中の場合はSMA25(支持線)割れで撤退推奨。,2071.0,0.1692865779927554,2.4278126508932982,-41.65479094543191,1.81761743809064,0
2025-12-09,8267.T,1d,SELL,,ボラティリティ5.23%は許容範囲(2.0%)を大幅超過。SMA25を7%以上下回り上昇トレンドが崩壊。RSI12の売られすぎだが、落ちるナイフを掴むリスクが高く、ルール通り撤退を最優先。,95,2300.0,トレンド崩壊確認のため即時成行決済推奨,2366.5,-7.416101343473935,1.779843650961331,-279.64947243424734,5.230750656484863,0
2025-12-09,9843.T,1d,SELL,,ボラティリティ2.91%は許容範囲(2.0%)を超過しリスク過大。SMA25乖離も約7%と大きく、為替の円安進行も逆風となるため、利益確定によるリスク回避を最優先。,90,2750.0,トレンド崩壊と判断する直近安値およびSMA25接近ライン,2809.0,6.847522613332924,3.3634745461018323,48.67912953144428,2.90901693536083,0
2025-12-09,3092.T,1d,SELL,,ボラティリティ2.25%で許容範囲を超過。SMA25が下向きで価格も下回る完全な下降トレンド。RSIは低水準だが反発の兆候がなく、底割れのリスクが高いため、資金保護を最優先し即時撤退を推奨。,95,1360.0,直近の戻り高値。ここを超えない限り下降トレンド継続と判断。,1278.5,-1.522037188236558,-0.8947985921001216,-5.458190305181117,2.248728979272585,0
2025-12-09,4385.T,1d,SELL,,ボラティリティ3.05%は許容範囲(2.0%)を超過し危険。RSI85.2、SMA25乖離+12%は過熱感が極めて強く、高値掴みリスク大。スナイパーとして確実性を欠くため、利益確定による逃げを最優先。,95,2800.0,ボラティリティ拡大による急落警戒、直近安値割れで完全撤退,2933.0,12.65344374625512,7.815888169110118,95.910820233466,3.0466124397252936,0
2025-12-09,7532.T,1d,SELL,,ボラティリティが2.39%と基準(2.0%)を超過しリスクが高い。価格がSMA25を下回り(-1.16%)、週足も下降トレンド。好材料への株価反応も鈍く「確実に勝てる局面」ではないため、保有ポジションは決済し静観推奨。,90,900.0,直近安値および心理的節目の900円割れで下落トレンド加速の恐れがあるため。,938.5,-1.1622519804633358,0.3332981278303095,20.906563228140847,2.394398634759828,0
2025-12-09,4568.T,1d,SELL,,ボラティリティ3.32%と高く危険水準。SMA25を下回る下降トレンド中で、RSIは低いが明確な底打ちシグナルもなし。「落ちるナイフ」であり、スナイパーとして狙える確実な勝機は皆無。,95,3560.0,下降トレンド継続中のため即時撤退推奨。SMA25回復まで様子見。,3470.0,-2.278846045531868,-4.302017291066275,-65.71617613143758,3.3182379580074106,0
2025-12-09,4519.T,1d,HOLD,,SMA25の上で推移し上昇トレンド継続中だが、ボラティリティ2.57%と高くリスク過大のため新規BUYは禁止。RSI34まで調整が進み反発の可能性も残るため、SMA割れまでは静観が最善。,60,7950.0,トレンドの要であるSMA25を下抜け、上昇トレンド終了と判断するライン。,8187.0,2.301694406957555,6.8195920361548765,-65.88259816435664,2.565914603290932,0
2025-12-09,4503.T,1d,HOLD,,トレンドは強力だがRSI71と過熱感があり、押し目条件を満たさない。出来高倍率も1倍割れで再加速の兆候がないため、高値掴みを避け調整を待つ局面。,95,1900.0,保有時はSMA25割れまたは直近安値下抜けでトレンド終了と判断し決済。,2020.0,6.112500262654708,7.84950495049507,-18.01448501631309,1.8405233380480908,0
2025-12-09,4502.T,1d,BUY,,ボラティリティ1.38%と安定。週足上昇トレンドかつSMA25上で推移中。RSIが43.4まで調整した絶好の押し目であり、BB幅収縮からの再上昇期待値が高い。,85,4350.0,トレンドの支えであるSMA25を明確に下抜けた水準,4495.0,2.587159145890583,1.7370411568409327,-4.504753187316921,1.3793103448275863,0
2025-12-09,4063.T,1d,SELL,,ボラティリティが2.0%に達し安全基準を超過。4連騰中でRSIも高く過熱感あり。好材料による急騰後は乱高下しやすく、確実性を重視し利益確定・撤退を推奨。,85,4650.0,トレンドの節目となるSMA25付近および直近安値ライン,4787.0,3.608439315366163,1.1313975349905965,71.0361134021166,2.002447103763168,0
2025-12-09,4901.T,1d,HOLD,,ボラティリティは低いが、価格がSMA25の下にあり下降トレンド継続中。BUY条件の「SMA25の上」を満たしていない。SMAを明確に上抜け、上昇トレンド転換を確認するまでは静観が最善。,95,3200.0,直近安値を割り込んだ場合は下降トレンド加速の恐れがあるため,3307.0,-0.743150767162104,-3.3456304807982886,23.547998289169,1.7236165709101905,0
2025-12-09,4452.T,1d,HOLD,,API Error: Expecting value: line 1 column 1 (char 0),0,0.0,-,6227.0,-3.219689905131362,-1.7665007226593863,-35.88283051651472,1.502672692651816,0
2025-12-09,2914.T,1d,BUY,,上昇トレンド中のRSI41付近への調整局面で、業績上方修正の好材料が出現。ボラティリティも低く安全性が高い。テクニカルの押し目とファンダの好転が重なる勝機と判断。,85,5650.0,SMA25を明確に下抜け、トレンドの前提が崩れたため。,5790.0,1.675985501952737,5.083246977547522,-57.1236984829637,1.634591660498396,0
2025-12-09,8801.T,1d,HOLD,,ボラティリティ2.83%と高く新規エントリー基準外。上昇トレンド維持かつRSI37と調整局面だが、ボラ縮小と反発の兆候を確認するまで静観が最善。,85,1710.0,SMA25を下抜けしトレンド転換が確定するライン,1765.0,1.8065617645701693,3.927478753541086,-30.49137230598005,2.8288142452448404,0
2025-12-09,8802.T,1d,SELL,,ボラティリティが2.53%と基準の2.0%を超過しており危険。SMA25乖離も約8%と大きく過熱感がある。短期的な調整リスクが高いため、ルールに従いリスク回避を最優先し決済する。,90,3600.0,ボラティリティ拡大のため即時撤退推奨。,3749.0,7.969403389127594,4.312616697786083,63.68078000440522,2.5340090690850894,0
2025-12-09,1925.T,1d,HOLD,,SMA25を下回る下降トレンド中で、購入条件（価格>SMA25）を満たさない。RSIは低いが明確な反転サインがなく、戻り売りのリスクが高いため静観推奨。,95,5070.0,直近安値を下回った場合、下降トレンド継続と判断し撤退,5164.0,-2.0849608263998958,-1.1696359411308992,-32.70225425856951,1.5851499391390949,0
2025-12-09,1801.T,1d,SELL,,ボラティリティ2.80%は安全基準(2.0%)を超過。SMA25乖離+9%超で過熱感があり、いつ調整が入ってもおかしくない。新規BUYは禁止基準に抵触するため、保有分は利益確定しリスク回避を優先。,90,13450.0,ボラティリティ拡大に伴う急反落リスク警戒。直近安値を割ればトレンド転換の恐れ。,13925.0,9.08563908125215,6.873967684021549,-8.17587992800126,2.8032828930494995,0
2025-12-09,9501.T,1d,SELL,,ボラティリティが8.63%と規定(2.0%)を大幅超過しており新規BUYは厳禁。SMA25を大きく下回る下降トレンドに加え、RSI一桁はパニック売りを示唆。「落ちるナイフ」であり、リスク回避のため即座に手仕舞い推奨。,95,620.0,トレンド完全崩壊のため即時撤退推奨,640.4000244140625,-18.922337326425232,-5.865084861166003,-351.5736331186926,8.626304250629827,0
2025-12-09,9503.T,1d,SELL,,ボラティリティ2.67%で基準超過。SMA25を下抜け(-1.49%)トレンド崩壊。RSI14.1はパニック売りを示唆。リスク回避を最優先し、ポジション解消推奨。,95,2450.0,ボラティリティ急拡大かつSMA25割れのため即時撤退推奨,2474.0,-1.48764016309888,3.6944219886823175,-103.04116468993315,2.666300958540247,0
2025-12-09,1605.T,1d,HOLD,,ボラティリティ2.34%と基準超過のため新規BUYは禁止。ただし株価はSMA25の上で推移し上昇トレンドを維持、RSI38と押し目水準。円安進行も追い風であり、トレンド崩壊まで保有継続判断。,75,3100.0,上昇トレンドの支持線であるSMA25および直近安値を明確に下回った場合。,3199.0,2.822723211128908,4.283838699593622,-53.5440320460881,2.3377841289688743,0
2025-12-09,5020.T,1d,SELL,,ボラティリティが2.08%と基準(2.0%)を超過し、RSIも81.7と極めて高い過熱圏にある。高値警戒感が強く、ルールに基づきリスク回避を最優先して利益確定（逃げ）を行う局面。,90,1030.0,RSI80超えの過熱感とボラティリティ拡大による急落リスク回避のため。,1082.0,5.437947677100796,3.9822553539452175,26.65277806827601,2.0847635845852173,0
2025-12-09,9020.T,1d,HOLD,,ボラティリティ2.10%が基準値(2.0%)を超過しており、新規エントリーは安全基準違反のため不可。SMA25より上で推移しRSI39と押し目の形だが、確実に勝てる安全性重視の観点から、ボラティリティの沈静化を待つべき局面。,90,3800.0,トレンドの要であるSMA25を明確に下回り、上昇トレンドが崩れるライン。,3949.0,1.646315095854867,2.649784755634346,-31.919841083935243,2.0963715949788373,0
2025-12-09,9202.T,1d,HOLD,,SMA25を下回り（乖離-2.52%）、BUYの必須条件である上昇トレンド位置を満たしていない。RSI22と売られすぎだが、直近の急落でチャートが崩れており、底打ち確認が必要なため静観。,95,2750.0,エントリー見送りのため設定なし。保有中なら直近安値を目安に。,2858.5,-2.523444160272803,0.8633898898023541,-42.40012331202729,1.3780954046827758,0
2025-12-09,2802.T,1d,HOLD,,SMA25の下に価格があり下降トレンド継続中。BUY条件の「価格がSMA25の上」を満たしていない。目標株価引き上げ等の材料はあるが、テクニカル上の反転シグナルが出るまでは静観が鉄則。,95,3510.0,トレンドが弱くエントリーしないため様子見。保有中なら直近安値割れで撤退。,3530.0,-4.942965779467679,-8.1042492917847,33.2091325906249,1.987049777418049,0
2025-12-10,8035.T,1d,SELL,,ボラティリティ3.56%は安全基準(2.0%)を大幅超過。出来高倍率0.57倍と買い圧力も弱く、高値圏での乱高下リスクが高いため、確実に勝てる局面ではないと判断し撤退を推奨。,95,32500.0,トレンド支持線のSMA25(約32500円)を下回れば完全撤退,33140.0,1.736332825777298,0.2293301146650573,13.678743432226748,3.564962496766962,0
2025-12-10,6146.T,1d,SELL,,ボラティリティ4.28%は許容基準(2%)を大幅超過。RSI79.3と過熱しており急落リスクが高い。確実性が低いため、ルールに従い利益確定・撤退を推奨。,95,46000.0,トレンド転換点となるSMA25ライン割れ,49100.0,5.946832383911627,-4.516496945010196,150.54254107628194,4.278440500436427,0
2025-12-10,6920.T,1d,SELL,,ボラティリティ4.6%と危険水準。RSI75・SMA乖離10%超の過熱感に加え、出来高減少により上昇エネルギー枯渇の兆候。急落リスクが高いため、確実に利益を確保して撤退すべき局面。,95,31000.0,トレンド転換および急落リスク回避のため,31990.0,10.32175742318171,7.062206939668637,83.37347467531517,4.60300093779306,0
2025-12-10,6857.T,1d,SELL,,ボラティリティ5.31%と基準(2%)を大幅超過し危険水域。SMA25を割り込み短期下降トレンドへ転換しており、高値圏での乱高下に巻き込まれるリスクが高いため手仕舞い推奨。,90,19800.0,SMA25を下回りトレンド変調。リスク回避の即時撤退推奨。,19885.0,-0.7625587639361608,-2.468192104601473,-49.44060117150382,5.305506663314056,0
2025-12-10,6723.T,1d,SELL,,ボラティリティ4.10%は基準外の高リスク。RSI81.9かつSMA乖離14%超は極端な過熱を示唆しており、反落前に確実に利益を確保すべき局面。,95,2080.0,ボラ拡大に伴う急落警戒。直近上昇のサポートライン割れで撤退,2189.0,14.198368147576224,4.149840109639091,165.8379156974424,4.103308751549958,0
2025-12-10,7735.T,1d,SELL,,ボラティリティ3.84%は基準(2%)を大幅超過し危険。RSI70超えの過熱感に加え、半導体市況への懸念報道もあり、調整下落のリスクが高いため利益確定して逃げる局面。,95,13600.0,トレンド転換示唆の直近安値ライン,13915.0,8.037391884967171,-0.0718648939992813,102.44400357054114,3.837072018890201,0
2025-12-10,6526.T,1d,SELL,,ボラティリティ4.0%と危険水準でBUY禁止。週足最弱かつ下降トレンド継続中。SMA25乖離プラスは戻り売りの好機（逃げ場）であり、出来高低迷から再急落の可能性が高いため決済推奨。,90,2200.0,下降トレンド継続懸念。安値更新リスク回避のため即時撤退推奨。,2335.0,3.344191481074965,-11.633404710920786,180.77935059161783,3.9951055368614257,0
2025-12-10,6758.T,1d,SELL,,ボラティリティ2.67%で許容範囲(2.0%)を超過。価格はSMA25を5%下回り、明確な調整局面。RSI12.8と売られすぎだが、出来高を伴わない下落のため底打ち判断は尚早。ルール通り撤退し資金を守る。,90,4200.0,SMA25を割り込みトレンド崩壊。ボラティリティ拡大警報に従いリスク回避。,4212.0,-5.0084797748349175,0.0360873694207131,-79.90236491864246,2.6726360059693395,0
2025-12-10,6861.T,1d,SELL,,ボラティリティ2.29%で基準(2.0%)超過により新規BUY禁止。SMA25が下向きの下降トレンド中で、ニュースも軟調を示唆。リスク回避のため保有ポジションの決済(逃げ)を最優先。,95,52200.0,下降トレンド継続かつボラティリティ過大のため即時撤退推奨,55060.0,1.247480765553055,-3.304031965128945,57.40595989605488,2.2936017850656425,0
2025-12-10,6501.T,1d,SELL,,ボラティリティが2.81%と基準(2.0%)を超過し危険水域。株価がSMA25を下回り短期下降トレンド中のため、スナイパーの規律に従い一旦ポジションを解消して静観する。,90,0.0,即時決済推奨のため設定不要,4881.0,-1.6585672493411583,-0.7998360991600261,-38.38881265659074,2.8097286855737997,0
2025-12-10,6503.T,1d,SELL,,ボラティリティが2.82%と基準(2.0%)を超過し新規不可。RSIが87.9と異常な過熱水準にあり、SMA乖離も大きいため、急反落のリスクが極めて高い。ルール通り利益確定の売りを推奨。,95,4500.0,ボラティリティ過大のため即時決済推奨,4630.0,7.448526818038359,2.97710583153348,72.88311884308304,2.8247454489355133,0
2025-12-10,6981.T,1d,SELL,,ボラティリティ2.57%と基準(2.0%)を超過。RSI76超えの過熱感とSMA乖離+6%は調整リスクを示唆。「負けない」ために高値圏での利益確定を行い、リスクを回避せよ。,90,3250.0,ボラティリティ過大による急落回避,3417.0,6.0574081891093146,2.5753585016095992,48.02633527058899,2.573268113215436,0
2025-12-10,6954.T,1d,SELL,,ボラティリティが4.02%と基準(2.0%)を大幅に超過。RSI85超、SMA乖離16%と極度の過熱感があり、急落リスクが高いため利益確定推奨。,95,5850.0,短期急騰トレンドのサポートライン割れ撤退,6086.0,16.165433625751092,7.166611896155107,176.39381688489505,4.02211163795127,0
2025-12-10,7741.T,1d,SELL,,ボラティリティ2.37%で基準(2.0%)超過のため新規不可。価格がSMA25を下回り下降トレンド中であり、出来高も低迷。リスク回避を最優先し、保有ポジションの解消(逃げ)を推奨。,90,22800.0,トレンド崩壊およびボラティリティ拡大のため即時撤退推奨,23530.0,-1.543997656805729,-1.133871653208682,-15.422179315723795,2.3693157671058223,0
2025-12-10,6902.T,1d,HOLD,,ボラティリティは低いが、SMA25が下向きで下降トレンド中。直近の上昇は出来高を伴っておらず（0.76倍）、戻り売りのリスクが高い。「確実に勝てる」上昇トレンド転換の確証がないため静観。,90,2060.0,SMA25を下回りトレンド復帰失敗なら即撤退,2096.5,1.7807381227485708,-3.554495587884547,33.99249701142601,1.8977206909474973,0
2025-12-10,6367.T,1d,SELL,,ボラティリティが2.07%と基準を超過しリスク大。株価がSMA25を下抜け短期トレンドが崩れている。RSI27と売られすぎだが、安全性を最優先しポジションを解消・静観すべき局面。,85,18800.0,短期トレンド崩壊時のリスク管理ライン,19405.0,-1.7846297121107746,3.287812419479516,-62.78764942265222,2.0705267420031657,0
2025-12-10,6594.T,1d,SELL,,ボラティリティ3.22%で基準(2.0%)超過。特別注意銘柄指定の悪材料があり、週足下降トレンドかつRSI71超えの過熱感も伴うため、リスク回避の決済を推奨。,90,2040.0,SMA25を下抜け、かつボラティリティ拡大なら即撤退,2077.0,1.1138589761065631,2.2975445353875683,144.28150579740023,3.2154893734094503,0
2025-12-10,7751.T,1d,HOLD,,トレンドは上昇基調でボラティリティも低いが、BUY条件にある「出来高の増加」が見られず(1.0倍)、類似事例の勝率も低い。ダマシの懸念があるため、爆発の予兆を確認するまで静観。,90,4490.0,保有中の場合、トレンド支持線であるSMA25を明確に割り込んだら決済しリスク回避。,4679.0,3.778523013591673,1.791835862363756,23.38211978402536,1.831893261685952,0
2025-12-10,7203.T,1d,SELL,,ボラティリティが2.01%と基準(2.0%)を超過しておりリスクが高い。トレンド判定が下降かつ出来高倍率0.63倍と買い圧力も不足。スクイーズ中だが方向感が定まらず、ルールに従い安全策として決済・逃げを選択。,80,3030.0,ボラティリティ拡大及びトレンド弱含みのため即時撤退推奨,3099.0,0.0322788896061965,-1.1229428848015548,-19.42100598597672,2.012169824367307,0
2025-12-10,7267.T,1d,HOLD,,ボラティリティが2.03%と基準(2.0%)を超過しており新規BUYは禁止条件に該当。SMA25を上抜けたがトレンド判定は下降のままで、急騰後の反落リスクが高いため静観する。,85,1500.0,直近安値を割り込んだ場合、下降トレンド継続と判断し即時撤退。,1571.5,2.139635248085892,-1.181037225580652,19.326252379432976,2.0317258306440613,0
2025-12-10,7270.T,1d,SELL,,ボラティリティ2.54%と基準値2.0%を超過し危険。SMA25を割り込み、通期利益50%減の悪材料も出現。テクニカル・ファンダ双方でリスクが高く、安全を最優先し手仕舞いを推奨。,90,3260.0,ボラティリティ規定超過と悪材料のため即時撤退,3391.0,-0.1389985039991437,0.5638454733117043,-52.66286015490153,2.5361250368622823,0
2025-12-10,7201.T,1d,SELL,,ボラティリティ2.96%は許容基準(2.0%)を超過しており危険。SMA25乖離+6.0%の過熱感に加え、巨額赤字というファンダメンタルズの重荷があるため、トレンド崩壊前に確実に利益確定を行うべき局面。,90,365.0,ボラティリティ過大によるリスク回避のため、即時決済またはSMA25割れで撤退。,389.8999938964844,5.996018322360852,1.9923052496731464,53.47742141272871,2.9586335692403023,0
2025-12-10,7269.T,1d,SELL,,ボラティリティ2.44%は基準(2.0%)を超過し危険。価格がSMA25を下抜けトレンドが崩壊。RSI16.3は売られすぎだが、底打ちの証拠がなく「落ちるナイフ」のリスクが高いため、安全第一で手仕舞い推奨。,95,2280.0,ルールに基づく即時撤退推奨（SMA25割れ確定）,2293.5,-1.0287657400295247,0.7865707434052742,-65.38109144688696,2.4385686256189856,0
2025-12-10,8306.T,1d,HOLD,,上昇トレンド継続中だが、ボラティリティが2.23%と基準の2.0%を超えており新規エントリーのリスクが高い。出来高も低調なため、SMA25を支持線として維持できるか静観する局面。,85,2390.0,トレンドの生命線であるSMA25(約2415円)を明確に下抜けたら撤退,2470.0,2.2477956699921364,3.112550607287417,7.029902202525795,2.229612492770387,0
2025-12-10,8316.T,1d,SELL,,ボラティリティ2.28%は許容範囲(2.0%)を超え危険。SMA25乖離+6.84%と過熱感があり、出来高減少でピークアウトの懸念があるため、確実に利益を確保しリスクから逃げるべき局面。,95,4800.0,ボラティリティ高騰による急落リスク回避のため、直近安値割れで即撤退,4842.0,6.842133135624628,6.291615035109447,24.411239683000552,2.28211482858323,0
2025-12-10,8411.T,1d,SELL,,ボラティリティが2.10%と許容値(2.0%)を超過しておりリスク増大。RSI約70の過熱感もあり、ルール通り「負けないこと」を最優先し、利益確定による手仕舞いを推奨。,90,5500.0,トレンド転換の可能性がある直近安値および節目価格,5615.0,5.216016070036567,4.124666073018706,23.69203053344987,2.102785905101132,0
2025-12-10,8766.T,1d,SELL,,ボラティリティ2.46%と基準(2.0%)を超過しリスク過大。SMA25が下向きで価格もその下にあり、週足含め下降トレンドが継続中。出来高も低調で反発の根拠に乏しく、ルール通り撤退推奨。,95,5350.0,直近安値割れで下降トレンド加速の恐れ,5536.0,-2.264718552048972,-1.6575144508670558,28.779762281505786,2.464388934764657,0
2025-12-10,8725.T,1d,SELL,,ボラティリティが2.33%と基準の2.0%を超過し、RSIも約70の高値圏で過熱。出来高も低迷しており、反落リスクが高いため利益確定・逃げを最優先。,85,3400.0,ボラティリティ拡大によるリスク回避のため即時撤退を推奨,3556.0,4.90789582374529,4.101237345331837,40.37027346204352,2.3280572071348224,0
2025-12-10,8591.T,1d,HOLD,,強力な上昇トレンド中だが、RSI69・SMA乖離+6.7%と過熱感があり、かつ出来高も低調。新規買いの条件である「押し目」や「初動」に合致せず、高値掴みを避けるため様子見。,85,4200.0,トレンド継続中だが調整警戒。直近安値割れで撤退。,4366.0,6.745034375519543,5.438387540082446,29.923950378873784,1.7881683135920423,0
2025-12-10,8604.T,1d,SELL,,ボラティリティが2.57%と許容範囲を超過。RSI70超かつSMA乖離+8%と過熱感が強く、調整リスクが高い。新規買いは禁止であり、既存玉は利益確定して逃げるべき局面。,95,1180.0,ボラティリティ拡大によるリスク回避のため,1246.5,8.682384124437625,4.251905334937826,52.24395201600311,2.570053292074953,0
2025-12-10,8058.T,1d,HOLD,,SMA25・週足共に上昇トレンド継続中だが、ボラティリティが基準の2.0%を超過し出来高も減少傾向。新規BUYは危険だが、トレンド崩壊には至っていないためHOLDとし、逆指値で利益を守る。,70,3630.0,ボラティリティ上昇に伴うリスク管理のため、ATR2倍相当のマージンを持たせたライン。,3769.0,2.2284666543706866,1.445476253648195,25.720864322218866,2.0657241405450484,0
2025-12-10,8031.T,1d,SELL,,ボラティリティが2.04%と基準を超過し、RSIが70.4の買われすぎ水準。出来高倍率0.42と低く上昇エネルギーが枯渇しており、トレンド反転のリスクが高いため利益確定を優先。,90,4150.0,ボラティリティ拡大とRSI過熱感による調整リスク回避のため即時撤退,4320.0,5.46875,4.724074074074072,30.473956562189603,2.0353835978835977,0
2025-12-10,8001.T,1d,HOLD,,週足・日足ともに上昇トレンドかつ好材料もあるが、出来高倍率0.5倍と極めて低く、ブレイクアウトに必要なエネルギーが不足している。BB幅収縮中で方向感が定まるのを待つ「嵐の前の静けさ」と判断。,85,9300.0,SMA25を下抜けトレンド転換した場合,9518.0,2.364779116638616,2.1517125446522685,10.690234915643874,1.9571938882718456,0
2025-12-10,8002.T,1d,SELL,,ボラティリティ2.36%で許容範囲(2.0%)を超過。RSIが83に達し、SMA乖離も+9.5%と過熱感が極めて強い。「負けない」ために高値圏での急落リスクを回避し、確実に利益を確定させる局面。,95,4250.0,RSI過熱による急反落警戒。利益確保のため即時決済推奨。,4413.0,9.481988687109254,4.961704056197599,79.81135676887591,2.359910653588424,0
2025-12-10,8015.T,1d,SELL,,ボラティリティが2.68%と基準(2.0%)を超えリスク過多。出来高倍率0.44と薄商いでの高値更新は急落の懸念あり。スナイパーとして不確実性を排除し、利益確定・撤退により勝ちを確定させる局面。,85,4980.0,ボラティリティ過大のため即時決済推奨。維持なら5000円割れで撤退。,5126.0,4.437471985656649,3.965665236051479,9.498737606417894,2.681009977147316,0
2025-12-10,2768.T,1d,HOLD,,自社株買い発表等で上昇トレンドは強力だが、RSI83.9と極度の過熱圏。SMA乖離も8%を超えており、新規エントリーには高値掴みのリスクが高い。押し目を待つ局面。,85,4580.0,25日移動平均線及び直近安値サポート割れ,4833.0,8.079217840115206,5.379681357334989,39.198668254670594,1.831160769708256,0
2025-12-10,7011.T,1d,SELL,,ボラティリティが2.88%と基準(2%)を超過しており危険。RSI77.6は過熱水準であり、下降トレンド中の戻り高値の可能性が高いため、規律に従いリスク回避の決済（逃げ）を最優先とする。,95,4150.0,ボラティリティ拡大によるリスク回避,4216.0,1.9776307132629125,-3.47248576850094,83.67028144735585,2.878490105719707,0
2025-12-10,7012.T,1d,SELL,,ボラティリティ3.11%で基準(2%)を超過。RSI95.5は異常な過熱水準であり、SMA乖離+9%超えと合わせ急落リスクが高い。安全最優先で手仕舞い推奨。,95,11000.0,急騰前のサポートライン及び心理的節目,11640.0,9.647057050381136,-3.439862542955339,145.08000686950842,3.1105792832596952,0
2025-12-10,7013.T,1d,SELL,,ボラティリティが3.48%と基準(2.0%)を超過し危険水域。RSIも76.1と過熱気味で、出来高0.59倍と裏付けも乏しい。ルール通りリスク回避のため手仕舞いを推奨。,90,2950.0,ボラティリティ急拡大によるリスク管理発動,2999.5,3.4260415014447654,-1.75362560426739,89.25183478943408,3.480341961755531,0
2025-12-10,6301.T,1d,SELL,,ボラティリティが2.03%と基準を超過。価格がSMA25を下回り下降トレンド継続中。証券会社の格下げ報道もあり、出来高枯渇で反発の兆しが見えないため、リスク回避の決済を推奨。,90,5150.0,下降トレンド継続のため即時撤退推奨,5037.0,-1.6548998781668822,-2.144133412745682,-0.903836229226079,2.030687200431096,0
2025-12-10,5401.T,1d,HOLD,,価格がSMA25を下回りBUY条件のトレンド定義を満たさない。減配報道を嫌気した調整局面であり、BB幅は収縮しているが出来高増加等の反転シグナルがなく、下落リスク回避のため静観。,90,595.0,保有中の場合、直近安値かつ心理的節目の600円割れで撤退。,614.7000122070312,-0.503067410573832,-0.9032043208163248,-12.039809178319276,1.924286137697687,0
2025-12-10,9101.T,1d,SELL,,週足・日足共に下降トレンドで株価はSMA25の下。出来高倍率0.46と閑散としており反転の兆候なし。BUY条件の「SMA25上向き」を満たさず、資産保全のため手仕舞いを推奨。,85,4800.0,下降トレンド継続中。直近安値4800円を割り込むと、さらなる下落加速のリスクがあるため即時撤退。,4829.0,-1.850391460232026,-3.470697867053228,-4.133205071964702,1.2972221400467414,0
2025-12-10,9104.T,1d,HOLD,,SMA25を上回ったが、出来高倍率0.45倍と資金流入が乏しくトレンド転換の確証がない。BB幅収縮中でエネルギーは溜まっているが、明確な初動（出来高急増）を確認するまでは静観が鉄則。,85,4380.0,直近の安値圏かつSMA25を明確に下回るライン,4475.0,1.2113700513859849,-0.6256983240223464,21.462178418063857,1.128491620111732,0
2025-12-10,9107.T,1d,HOLD,,SMA25を上抜け価格は堅調だが、出来高倍率0.44倍と資金流入の裏付けが乏しい。RSIも68とやや高く、本格的な上昇トレンド入り（SMAの上向き転換と出来高急増）を確認するまで様子見が賢明。,75,2050.0,直近安値および心理的節目の下抜けで撤退,2118.5,1.5161534554306355,-1.7691763039886506,27.765213150840054,1.2491992312620115,0
2025-12-10,9432.T,1d,HOLD,,BB幅縮小と低ボラティリティでエネルギーは充填中だが、出来高倍率0.59倍と買い圧力が不足。SMA25の明確な上向き転換と出来高急増という「発射合図」を待つべき局面。,60,150.0,保有中の場合、直近安値150円割れで撤退,155.5,1.4298019300323928,-0.941478471663993,11.14000193708594,1.1024359447670244,0
2025-12-10,9433.T,1d,HOLD,,上昇トレンド中のRSI押し目（46.5）かつBB幅収縮で条件は良いが、出来高倍率0.44倍と資金流入が極端に少なく、再浮上のトリガーが不在。「確実に勝てる」爆発の初動を待つ局面。,75,2600.0,SMA25を下抜けし、トレンド転換が確定するライン。リスク回避のため撤退。,2689.0,1.503872925757599,3.399033097805862,-29.00788585181628,1.4835573500504704,0
2025-12-10,9984.T,1d,SELL,,ボラティリティが6.7%と極めて高く、価格もSMA25を下回る下降トレンド中。新規買いの条件を全く満たさず、決算リスクも控えているため、保有株は決済してリスク回避を最優先すべき局面。,95,18000.0,下降トレンド継続かつ高ボラティリティのため即時撤退,18610.0,-2.554220905025706,-16.58463191832349,154.35894468974206,6.730252552391187,0
2025-12-10,9434.T,1d,HOLD,,トレンドが下降かつSMA25の下で推移しており、上値が重い。出来高倍率0.32倍と資金流入も枯渇しており、明確な反転シグナルが出るまで静観が妥当。,95,210.0,直近安値および心理的節目である210円を下回った場合,217.3000030517578,-1.803949473739741,-0.1693507880395479,-37.81349354150402,1.67970515176777,0
2025-12-10,4661.T,1d,HOLD,,SMA25が下向きで価格もその下にあり、明確な下降トレンド中。RSI17は売られすぎだが、反転を示唆する出来高増や底固めがなく「落ちるナイフ」の状態。BUY条件を全く満たさないため静観推奨。,95,0.0,エントリー対象外のため設定なし,2817.0,-6.249375994249173,-6.483493077742259,-1.847475712731888,1.8991835285765,0
2025-12-10,6098.T,1d,HOLD,,ボラティリティ2.90%と基準(2.0%)を大幅に超過しており新規買いは危険。出来高倍率0.38倍と市場の関心も薄く、爆発の予兆がない。トレンドは上昇維持だが、リスク管理優先で静観。,95,7800.0,トレンドの支えであるSMA25を明確に割り込んだ場合,8069.0,1.2457150313938126,2.928739620770848,23.84914671031586,2.896446718481667,0
2025-12-10,7974.T,1d,SELL,,ボラティリティ2.89%と基準(2.0%)を超過し危険。SMA25を大きく下回り垂直落下中で底が見えない。RSI13と売られすぎだが、逆張りは「確実に勝てる」条件を満たさないため、リスク回避を最優先し手仕舞い推奨。,95,11300.0,ボラティリティ急拡大による下降トレンド継続中のため、即時撤退推奨。,11375.0,-13.401951977100046,-2.7393406593406784,-163.5802315666008,2.888540031397174,0
2025-12-10,9684.T,1d,SELL,,ボラティリティが2.39%と基準の2.0%を超過しておりリスク過大。株価はSMA25を大きく下回り(-4.68%)、週足も下降トレンドのため、明確な底打ちシグナルが出るまで手出し無用。保有株は一旦決済し逃げる局面。,90,2880.0,ボラティリティ拡大による下値模索リスク回避のため即時撤退,2924.0,-4.678698101397871,0.3160054719562169,-27.62432706641289,2.3854309165526675,0
2025-12-10,9697.T,1d,SELL,,ボラティリティ2.28%で基準(2.0%)超過。週足・日足共に下降トレンドでSMA25の下に位置。出来高0.55倍と閑散としており反転の兆しなし。資金を守るため「逃げ」一択。,95,3820.0,下降トレンド継続かつボラティリティ拡大のため即時撤退,3697.0,-3.2158415012147112,-4.756288882878013,5.3062471124232,2.275976660612852,0
2025-12-10,7832.T,1d,SELL,,ボラティリティ2.24%と基準超過。SMA25の下で推移する明確な下降トレンドかつ出来高低迷で買い手不在。「負けないこと」を最優先し、損失拡大を防ぐため即座にポジションを解消すべき局面。,95,4400.0,下降トレンド継続中。リスク回避のため即時成行決済を推奨。,4267.0,-4.979290072596099,-4.180923365362073,-29.39029213821619,2.238106397937661,0
2025-12-10,9983.T,1d,SELL,,ボラティリティ2.11%で基準を超過しており危険。SMA25を下回り短期トレンドが弱含み。出来高も低迷し反発の根拠に乏しいため、不確実性を排除し一旦手仕舞いを推奨。,85,55000.0,ボラティリティ拡大とSMA25割れによるリスク回避。,56000.0,-0.5759493221410339,0.7214285714285714,-40.139654445861744,2.107142857142857,0
2025-12-10,3382.T,1d,HOLD,,SMA25付近までの調整局面だが、出来高0.7倍と反発エネルギーが不足。RSI31と売られすぎ水準だが、明確な下げ止まり（陽線出現等）を確認するまで待機推奨。,80,2030.0,SMA25を明確に下抜けし、トレンド前提が崩れる水準。,2075.0,0.1157965840007824,2.54650602409637,-48.35283878603384,1.6643717728055076,0
2025-12-10,8267.T,1d,SELL,,ボラティリティ5.31%と基準(2%)を大幅超過。SMA25を大きく割り込み急落中でトレンド崩壊。RSI8.7と売られすぎだが、落ちるナイフ状態で「確実に勝てる局面」ではないため、リスク回避の撤退を推奨。,95,2300.0,トレンド崩壊及びボラティリティ規定違反のため即時撤退,2302.5,-9.893868478311918,0.9815418023887236,-317.8631629293607,5.307895145028695,0
2025-12-10,9843.T,1d,SELL,,ボラティリティ2.85%で許容範囲(2.0%)を超過。円安進行は同社に逆風であり、SMA乖離+6.7%と過熱感もある。出来高倍率0.35倍と薄商いの中での上昇は反落リスクが高いため決済推奨。,90,2780.0,ボラティリティ拡大とファンダ悪化によるリスク回避のため即時撤退推奨,2822.0,6.766951428982204,4.03827072997874,50.3326016249791,2.853852384327225,0
2025-12-10,3092.T,1d,SELL,,ボラティリティ2.23%で基準超過のため新規買禁止。週足・日足共に下降トレンドで出来高も枯渇(0.3倍)。反転の兆候なくリスク回避を最優先。,90,1280.0,下降トレンド継続かつボラティリティ高。直近安値割れで撤退。,1302.5,0.2246879761153675,-0.3593090211132661,-4.1425780472455305,2.231971483411023,0
2025-12-10,4385.T,1d,SELL,,ボラティリティ3.03%で基準(2.0%)を超過しており新規不可。RSI85超・SMA乖離+11%と過熱感が極めて強く、決算急騰後の調整リスクが高いため、規定に従い確実に利益確定（逃げ）を行う局面。,95,2850.0,ボラティリティ拡大による急落リスク回避のため、直近安値を割れば即撤退,2943.0,11.86286061803945,8.62521236833164,90.18598392766808,3.033833309062667,0
2025-12-10,7532.T,1d,HOLD,,ボラティリティが2.37%と基準(2%)超過のため新規BUYは禁止。BB幅9%台のスクイーズ状態でエネルギー充填中だが、週足下降トレンドのため下振れリスクあり。好材料もあるため方向感が出るまで様子見。,60,915.0,直近安値サポート帯920-925円を明確に割り込んだ場合,950.7999877929688,0.1103433614026316,0.665544607500854,26.27247141085636,2.3686824093708023,0
2025-12-10,4568.T,1d,SELL,,ボラティリティ3.31%と高く新規買禁止基準に抵触。SMA25が下向きで価格も下にあり下降トレンド明確。RSIは売られすぎだが、出来高低調で反発の根拠に乏しく、リスク回避のため手仕舞いを推奨。,95,3580.0,下降トレンド継続中のため即時撤退推奨。数値はSMA25回復ライン。,3419.0,-3.768210578460296,-3.226674466218184,-77.75178788203829,3.3134166214014127,0
2025-12-10,4519.T,1d,SELL,,ボラティリティが2.53%と基準(2.0%)を超えリスク過大。短期的な下落モメンタムが強く、MACDも調整色を示唆。確実に勝てる局面ではないため、ルールに従いリスク回避の決済を推奨。,90,8000.0,SMA25を下抜けした場合、中期トレンドの崩壊が示唆されるため即時撤退。,8103.0,0.6708907938874464,6.622732321362451,-79.29337197174239,2.530808695192257,0
2025-12-10,4503.T,1d,HOLD,,トレンドは強力だがRSIが93.3と異常な過熱圏。SMA乖離も大きく、高値掴みのリスクが高い。押し目を作るか調整を待つべき局面であり、新規エントリーの優位性はない。,95,1960.0,エントリー見送り。保有時はSMA25割れ等を目安に。,2083.0,8.55630022618068,7.734997599615933,-1.9306080492976851,1.9580275701255057,0
2025-12-10,4502.T,1d,HOLD,,トレンドは上昇基調かつRSI調整局面だが、出来高倍率0.50倍と極めて低調。爆発の予兆（資金流入）がなく、現状では推進力不足のため静観が最善。,85,4350.0,SMA25を下抜けしトレンド転換が疑われるライン,4463.0,1.6091723735975672,2.075733811337652,-8.321832750457332,1.347588105374348,0
2025-12-10,4063.T,1d,SELL,,ボラティリティ2.01%で安全基準(2.0%)を超過。出来高倍率0.37倍と閑散としており、4連騰後の調整リスクが高い。規律に従いリスク回避優先で利益確定推奨。,90,4650.0,トレンド崩壊とみなすSMA25付近のライン,4790.0,3.542493493467536,1.4430062630479954,62.299406539270215,2.008648971070683,0
2025-12-10,4901.T,1d,HOLD,,SMA25が下向きで下降トレンド中。BB幅は収縮しているが出来高倍率0.42倍と資金流入がなく、上放れの確証がないため静観。,90,3210.0,直近安値を割り込んだ場合、下降トレンド継続と判断し撤退,3330.0,0.2190976067799832,-3.180780780780783,31.312761011477704,1.7138567138567138,0
2025-12-10,4452.T,1d,HOLD,,SMA25が下向きかつ価格がその下に位置し、中期下降トレンドを脱していない。出来高倍率0.5倍と資金流入も弱く、本格的な反転上昇の確証がないため静観が妥当。,90,6220.0,直近安値を割り込んだ場合は下落加速の懸念あり。,6318.0,-1.6751638747268816,-1.6169673947451702,-18.92895811243089,1.4855514855514855,0
2025-12-10,2914.T,1d,HOLD,,長期的には強力な上昇トレンドだが、短期RSIが33.3まで低下し調整色が強い。出来高倍率0.39倍と買い圧力が不足しており、反転の確証（SMA25でのサポート確認と出来高増）が得られるまで待機。,85,0.0,,5783.0,1.197642513159369,4.6688569946394605,-58.410039347421176,1.5686371384106124,0
2025-12-10,8801.T,1d,SELL,,ボラティリティが2.75%と基準の2.0%を超過しておりリスク過多。出来高倍率0.42倍とエネルギー不足で、高値圏での乱高下に巻き込まれる恐れあり。ルール通り「負けないこと」を最優先し、ポジションを解消してリスクを回避すべき局面。,90,1730.0,SMA25を下抜けし、トレンドが明確に転換したライン。,1798.0,3.2194360246165177,4.109010011123476,-24.925226045035817,2.753058954393771,0
2025-12-10,8802.T,1d,SELL,,ボラティリティが2.48%と基準の2.0%を超過しリスクが増大。SMA25乖離も大きく過熱後の調整局面入りの懸念がある。確実性を最優先し、乱高下に巻き込まれる前に利益確定・撤退を推奨。,85,3480.0,トレンドの要であるSMA25を下回った場合、上昇トレンド終了と判断するため。,3735.0,7.007792803117119,4.695046854083014,51.59525395602641,2.480397781602601,0
2025-12-10,1925.T,1d,HOLD,,SMA25を下回る下降トレンド中で、出来高倍率0.33倍と資金流入が見られない。RSIは低いが明確な反転シグナルがなく、安易な値ごろ感での買いは「落ちるナイフ」となるリスクが高いため静観推奨。,95,5080.0,直近安値を割り込んだ場合、下降トレンド加速の恐れがあるため。,5167.0,-1.9470168513739283,-0.9769692277917468,-24.75441446446368,1.5662583980757,0
2025-12-10,1801.T,1d,SELL,,ボラティリティ2.75%が基準(2.0%)を超過し危険水域。RSI79、SMA乖離10%超と過熱感が著しく、新規買いは禁止。急騰後の調整リスクが高いため、確実に利益確定して逃げるべき局面。,95,13800.0,急騰後の反動警戒。心理的節目割れで撤退。,14210.0,10.286698849789676,7.217452498240691,10.139821283388349,2.752086056097316,0
2025-12-10,9501.T,1d,SELL,,ボラティリティが8.22%と基準(2.0%)を大幅超過し危険水準。SMA25乖離-20%の暴落中で底が見えない。RSI一桁だが「落ちるナイフ」の可能性が高く、資産保全のため撤退・静観を最優先。,95,600.0,ボラティリティ過大のため即時撤退推奨,627.2999877929688,-20.02437764526285,-6.612467031722992,-324.61722234307973,8.222313197578538,0
2025-12-10,9503.T,1d,SELL,,ボラティリティ2.51%は許容外。SMA25を下抜け短期トレンド崩壊。RSI22と売られすぎだが出来高倍率0.38と反発エネルギー不足。確実性が低く、規則に従い手仕舞い推奨。,95,2450.0,ボラティリティ拡大によるリスク回避のため即時撤退推奨,2498.0,-0.7572326444343802,3.242594075260208,-99.4225334262636,2.5148690380876126,0
2025-12-10,1605.T,1d,HOLD,,ボラティリティが2.34%と基準を超過しており新規BUYは禁止。ただしSMA25上方で上昇トレンドは維持されており、RSI32と調整も進んでいるため、押し目からの反発か崩壊かを見極める局面。,85,3100.0,トレンドの支えであるSMA25および心理的節目の3100円を明確に下回った場合。,3202.0,2.483020848669515,4.5146783260462335,-55.10177318374534,2.34451681984474,0
2025-12-10,5020.T,1d,SELL,,ボラティリティが許容値2.0%を超過し、RSIが97.2という極めて危険な過熱水準に到達。出来高を伴わない上昇は天井の兆候であり、急落リスク回避のため即時の利益確定を推奨。,95,1027.0,SMA25を下回った場合、上昇トレンド崩壊と判断するため,1093.0,6.081075935410718,4.107594314672899,30.538142950470235,2.0324140635211085,0
2025-12-10,9020.T,1d,HOLD,,ボラティリティ2.09%と基準(2.0%)超過のため新規BUYは禁止。RSIは調整域だが、出来高倍率0.47と資金流入が乏しく、反発の確証が得られないため静観。,90,3780.0,中期上昇トレンドの要であるSMA25を明確に割り込むライン,3948.0,1.333661872054703,2.6970618034447718,-32.81814177066837,2.0896656534954405,0
2025-12-10,9202.T,1d,HOLD,,価格がSMA25を下回り、週足も下降トレンドでBUY条件を満たさない。RSI24と売られすぎだが、出来高低迷で反発の確証がなく、落ちるナイフのリスクが高いため静観。,95,0.0,新規エントリーを見送るため設定なし。,2862.0,-2.2901388831988223,0.4528301886792465,-43.51593541459681,1.3414695018468603,0
2025-12-10,2802.T,1d,SELL,,ボラティリティが2.12%と基準(2.0%)を超過しており危険。SMA25を大きく下回る強い下降トレンドが継続中で、RSIは売られすぎだが反転の兆候なし。落ちるナイフを掴まず、リスク回避の撤退・静観が最善。,95,3400.0,ボラティリティ警告点灯中。即時のリスク回避を推奨。,3405.0,-7.277302137115216,-9.026725403817933,15.500218038444109,2.116635200335641,0
2025-12-11,1605.T,1d,HOLD,,ボラティリティが警戒圏(2.24%)だが、ルール条件の出来高倍率1.0倍超を満たしていない(0.81倍)。またRSI(33.9)も押し目買いの範囲(40-55)を下回っており、明確なBUYシグナルではないため様子見。,90,0.0,HOLDのため設定なし,3207.0,2.1415649603791387,4.5238540692236,-53.20613950077472,2.242861597398548,0
2025-12-11,1801.T,1d,HOLD,,強い上昇トレンドは継続中だが、ボラティリティが警戒圏(2.68%)にあり、出来高(0.93倍)も伴っていない。RSI(70.7)もやや過熱感があり、買い条件を満たさないため様子見。,85,0.0,,14055.0,8.238610109971356,7.336890786197088,10.043370536797548,2.6807948366112724,0
2025-12-11,1802.T,1d,BUY,,週足・日足共に強い上昇トレンド。出来高急増(1.41倍)は資金流入を示唆しており、更なる上昇の確率的優位性があると判断。,75,2990.0,SMA25を下回るトレンド崩壊,3228.0,6.782049500823684,6.190830235439906,-18.964599926497243,2.0678438661710037,0
2025-12-11,1803.T,1d,HOLD,,ボラティリティが2.92%と警戒圏にあるが、出来高倍率が1.0倍未満のためBUYルールを満たさない。RSIは26.5と売られ過ぎ水準だが、押し目買いのシグナルとも断定できず、明確なサインを待つのが賢明。,90,0.0,売買条件に合致しないため様子見,2645.0,3.554118282685126,8.806049149338342,-69.44839826355931,2.920604914933837,0
2025-12-11,1812.T,1d,BUY,,上昇トレンド継続中の押し目買い(ルールB)。RSI(42.6)がエントリーゾーン(40-55)にあり、SMA25の上で反発を期待。,70,5590.0,SMA25を明確に下回るトレンド崩壊,5747.0,2.5671228378272293,5.0043500957021125,-54.37176100141254,2.3850953292401007,0
2025-12-11,1925.T,1d,HOLD,,日足トレンドが下降しており、価格がSMA25を下回っているため買いルールに非該当。RSIは売られ過ぎ水準だが、出来高が乏しく反転の兆候は見られないため、様子見が賢明。,90,0.0,様子見のため設定なし,5115.0,-2.804697297913583,-0.9915933528836627,-23.94565260874862,1.5891635246473956,0
2025-12-11,1928.T,1d,BUY,,週足・日足共に上昇トレンドの中、低ボラティリティ環境でSMA25付近まで調整。RSIも売られ過ぎ水準に近く、絶好の押し目買いの機会と判断。,85,3350.0,SMA25を終値で明確に下抜けた場合,3417.0,0.9715967518882263,1.144863915715537,-1.3561190532162015,1.7245704251849994,0
2025-12-11,2502.T,1d,HOLD,,週足(下降)と日足(上昇)のトレンドが不一致。価格はSMA25を僅かに下回るがRSIは売られ過ぎ水準。明確な方向性なく、様子見が賢明。,85,0.0,該当なし,1749.5,-0.8231199192752947,1.6210345813089528,-24.59563361276593,1.7882660351937287,0
2025-12-11,2503.T,1d,HOLD,,価格がSMA25を下回り(-2.41%)、BUYルールの前提条件を満たさない。RSI(11.3)は売られ過ぎだが、出来高も乏しく反発の兆候はない。類似事例の勝率も低いため、様子見が賢明。,90,0.0,HOLDアクションのため該当なし,2309.5,-2.4069707495584125,2.88893699935052,-89.17001123602016,1.586614294992732,0
2025-12-11,2768.T,1d,HOLD,,強い上昇トレンドだが、RSIが83.1と過熱圏にあり、BUYルールに合致しない。一方、利確SELLの基準(RSI 85以上)にも未達なため様子見が最適。,90,0.0,該当なし,4865.0,8.105345492684846,5.5070914696813995,42.09054994329975,1.811775069740126,0
2025-12-11,2801.T,1d,BUY,,週足・日足共に強い上昇トレンド。RSIが46.2まで調整しSMA25に近接しており、ルール上の「押し目買い」パターンに合致。,85,1390.0,SMA25を明確に下回ったため,1417.5,1.952012428435812,4.839506172839499,-26.641872128839683,2.391030486268582,0
2025-12-11,2802.T,1d,HOLD,,週足・日足ともに明確な下降トレンド。価格がSMA25を-8.94%と大幅に下回っており、売買ルール上BUYは厳禁。RSIは売られ過ぎだが、トレンド転換の兆候なく、様子見が賢明。,95,0.0,HOLDのため設定なし,3303.0,-8.936015351022297,-10.388132001211018,-12.8633431068711,2.246875135158514,0
2025-12-11,3092.T,1d,HOLD,,週足・日足ともに下降トレンド。価格がSMA25を下回り、厳格ルール上の買い条件を全く満たさない。類似過去事例の勝率も極めて低いため、様子見が賢明。,85,0.0,様子見のため設定なし,1291.5,-0.6691278264882361,-0.20441347270614577,-6.097098646695485,2.278635031248272,0
2025-12-11,3382.T,1d,HOLD,,テクニカル指標は「押し目買い(B)」の条件を満たすが、類似過去事例の勝率が30%と極端に低い。確率的優位性に欠けるため、エントリーは見送り。,70,0.0,,2120.5,1.8971465915752939,2.655977363829272,-33.693864192684266,1.5545524977262777,0
2025-12-11,4063.T,1d,HOLD,,BUYの前提条件「価格がSMA25の上」を満たしていない。強弱材料が混在しており、明確なサインを待つのが賢明。,85,0.0,HOLD/SELLのため設定なし,4610.0,-0.39668478683593245,1.2563991323210426,31.351436861710443,2.322590641462659,0
2025-12-11,4502.T,1d,BUY,,週足・日足上昇トレンド中の押し目。ボラティリティが低く、RSI(43.0)とSMA25への接近が絶好の買い場を示唆。,85,4330.0,SMA25割れによるトレンド転換,4471.0,1.4872386209902277,2.3547304853500073,-8.426628965578123,1.2333450490462345,0
2025-12-11,4503.T,1d,HOLD,,強い上昇トレンドだが、RSIが76.5と過熱圏にあり出来高も伴っていない。明確な売買サインに欠けるため、様子見が妥当と判断。,75,0.0,該当なし,2048.0,5.977810895843683,7.652343750000012,-7.920220845810954,1.8519810267857144,0
2025-12-11,4507.T,1d,HOLD,,上昇トレンドは継続中だが、ボラティリティが警戒圏(2.71%)。BUY条件である出来高倍率>1.0とSMA25の上にいる前提を満たしていないため、明確なサインが出るまで様子見が賢明。,85,0.0,,2661.0,-0.8702260501572079,2.278842540398359,-20.996234077131284,2.713802544693187,0
2025-12-11,4543.T,1d,HOLD,,週足・日足共に明確な下降トレンド。価格がSMA25を大幅に下回り、厳格ルールの買い条件を一切満たさないため、新規買いは絶対に見送り。様子見が最適解。,85,0.0,,2298.0,-4.772955187760541,-2.5657093124456063,-31.9834213033825,2.3483153052343653,0
2025-12-11,4901.T,1d,BUY,,ボラティリティが低く[安全圏]。BBスクイーズ(6.36%)からの出来高(1.21倍)を伴うブレイクアウト[パターンA]に合致するため。,75,3330.0,SMA25を明確に下回った場合 (トレンド転換),3434.0,3.436227378972978,-2.6324985439720336,57.84169466049452,1.7825942258091354,0
2025-12-11,4911.T,1d,HOLD,,日足トレンドが下降、価格がSMA25を下回っておりBUY条件に合致しない。ボラティリティも高く(2.98%)、リスク回避を最優先。,90,0.0,HOLDのため設定なし,2315.5,-1.7948783198038942,-4.824875836752294,72.64817311073028,2.984545146065336,0
2025-12-11,5020.T,1d,HOLD,,ボラティリティが警戒圏(2.12%)だが出来高倍率が低く(0.8倍)、BUYルールに非合致。RSIも75.1とやや過熱感があるため、様子見が賢明。,85,0.0,アクションがBUYではないため,1077.0,4.049928507941414,4.218385035834473,22.48487476303383,2.118981297254278,0
2025-12-11,5401.T,1d,HOLD,,週足は強い上昇だが日足はSMA25を割り込み判断が難しい。RSIが売られ過ぎ水準にあり、安値で売るリスクがあるため、明確な方向性が出るまで様子見（HOLD）が賢明と判断。,70,0.0,,611.0,-1.1186065888627694,-0.7345324327434651,-18.994151418903446,1.879825016759338,0
2025-12-11,5411.T,1d,HOLD,,ボラティリティが警戒圏(2.03%)だが、出来高(0.74倍)が伴わず、ルール上のBUY条件を満たさない。地合いも不安定なため様子見が最適と判断。,85,0.0,該当なし,1945.5,4.530459171063517,3.793369313801089,29.33325789826234,2.028490656092815,0
2025-12-11,5713.T,1d,SELL,,ボラティリティが3.12%と危険域(>3.0%)に突入。厳格な売買ルールに基づき「パニック(撤退)」のSELLシグナルと判断。リスク管理を最優先する。,90,0.0,,5454.0,6.9831306394664505,3.376604327099374,72.8485873086404,3.122216983603122,0
2025-12-11,6146.T,1d,SELL,,ボラティリティが3.93%と危険域(>3.0%)にあり、ルール上、新規BUYは禁止。保有ポジションは撤退を推奨する局面。RSIも77と過熱感があるため、リスク回避を最優先する。,90,0.0,該当なし,49330.0,6.328404535069199,-2.9272248124873306,157.10863854707713,3.9283542324288323,0
2025-12-11,6301.T,1d,HOLD,,日足トレンドが下降、価格がSMA25を下回っておりBUY条件に非合致。一方でRSIは売られすぎ圏に近く、明確な方向性が見えないため様子見が最適と判断。,85,0.0,HOLDのため設定なし,4967.0,-2.9306463212532496,-1.4833903764848053,-12.321436487085835,2.0276683252322467,0
2025-12-11,6305.T,1d,HOLD,,日足トレンドが下降しており、価格もSMA25を僅かに下回る。ボラティリティも警戒圏にあり、厳格なBUYルールを満たさないため様子見が妥当。,85,0.0,該当なし,4550.0,-0.08958999402732815,-2.9942857142857093,21.65371038198569,2.0690737833594977,0
2025-12-11,6326.T,1d,HOLD,,ボラティリティが警戒圏(2.48%)だが出来高が伴っておらず(0.83倍)、ルール上BUY不可。明確な売買シグナルがないため、様子見が確率的に優位と判断。,85,0.0,N/A,2287.5,5.578222501200014,4.343606557377035,12.818151861343507,2.477751756440281,0
2025-12-11,6367.T,1d,HOLD,,価格がSMA25を-1.07%下回っており、厳格ルールの「BUYの前提条件」に違反。短期的なトレンドの弱化と、類似過去事例の勝率の低さを考慮し、様子見が最も確率的優位性が高いと判断。,90,0.0,,19615.0,-1.074238450675813,3.285240887076224,-58.80478375601002,2.01558573977641,0
2025-12-11,6383.T,1d,HOLD,,上昇トレンドは強いが、売買ルールに合致しない。出来高がブレイクアウト条件(1.2倍)に満たず、RSI(57.6)も押し目買いの水準ではないため、明確なサインを待つのが賢明。,75,0.0,,5020.0,0.4425876571666265,0.8733067729083694,9.871378892170869,2.394706886738759,0
2025-12-11,6471.T,1d,HOLD,,ブレイクアウトの兆候(出来高増・BBスクイーズ)は強いが、RSI(73.7)がルール(50-70)の上限を超過。過熱感を警戒し、押し目を待つのが賢明。BUYには一歩及ばず。,70,0.0,理由(30文字以内),953.2000122070312,3.7259524034812364,6.454048922507324,9.27749495647254,1.919849911548695,0
2025-12-11,6473.T,1d,HOLD,,週足・日足共に上昇トレンドは強いが、ボラティリティが警戒圏(2.18%)にあり、BUYパターンAの出来高条件(1.2倍以上)を満たさないため、明確なサインを待つのが賢明。,75,0.0,HOLDのため設定なし,1745.0,5.811443401489247,3.475071633237841,23.238293386872748,2.18174375767499,0
2025-12-11,6501.T,1d,HOLD,,日足トレンドが下降し、価格がSMA25を下回るためBUYは不可。一方でRSIが31.4と売られすぎ水準に近く、反発も考えられるためSELLも見送り。明確なサインを待つのが賢明。,85,0.0,アクションがHOLDのため不要,4806.0,-3.02428630233178,-1.586350395339155,-47.06898265438319,2.574163248320551,0
2025-12-11,6503.T,1d,HOLD,,RSIが83.5と過熱水準にあり、ボラティリティも警戒圏(2.57%)。出来高(0.67倍)も伴っておらず、新規BUYの条件を満たさない。様子見が最適解。,90,0.0,,4603.0,6.456298105387792,2.9076689115794077,67.47368969192598,2.565097296794016,0
2025-12-11,6857.T,1d,HOLD,,ボラティリティが4.57%と危険域(3%以上)にあり、ルール上「新規BUYは絶対禁止」。日足トレンドも下降しており、エントリー条件を満たさないため様子見が最適と判断。,90,0.0,新規エントリーは見送り,21040.0,4.829950275527395,-3.001901140684438,-14.626044506016619,4.571224877783813,0
2025-12-11,7011.T,1d,SELL,,ボラティリティが3.14%と危険域に突入。加えて価格がSMA25を下回り日足トレンドが崩壊したため、ルールに基づきSELL。,90,0.0,,4050.0,-1.6799378520100938,-3.630617283950639,68.05498359499501,3.1375661375661377,0
2025-12-11,7012.T,1d,SELL,,ボラティリティが3.43%と危険域(>=3.0%)にあり、ルール上、新規買いは絶対禁止。ポジションの縮小・撤退が推奨されるため。,90,0.0,該当なし,11240.0,6.139068620229882,-3.088967971530255,146.37537909239603,3.4341637010676154,0
2025-12-11,7013.T,1d,SELL,,ボラティリティが3.55%と危険域(>=3.0%)に突入。厳格ルールに基づき、新規買いは絶対禁止であり、保有ポジションは撤退を推奨する局面です。,85,0.0,売却推奨のため該当なし,2904.0,0.47052311098809696,-2.146005509641863,61.892903581156546,3.551751279024006,0
2025-12-11,7201.T,1d,SELL,,ボラティリティが3.03%と危険域に達し、厳格ルール「パニック(撤退)」に該当。新規買いは絶対禁止であり、保有ポジションの撤退が最も合理的と判断。,90,0.0,売却のため不要,390.8999938964844,5.7298018356289,2.885647923949795,53.738038597674375,3.027811548336669,0
2025-12-11,7203.T,1d,HOLD,,週足は上昇だが日足トレンドが下降しており、BUYルール[パターンB]の条件を満たさない。出来高も低く、ブレイクアウト[パターンA]の兆候もないため、明確なサインを待つのが賢明。,85,0.0,該当なし,3110.0,0.27470755897185395,-0.7202572347266765,-6.770903849448238,1.9935691318327973,0
2025-12-11,7267.T,1d,HOLD,,ボラティリティが警戒圏(2.09%)だが、出来高(0.81倍)が伴っておらずBUY条件を満たさない。週足上昇・日足下降とトレンドも不一致なため、方向性が定まるまで様子見が賢明。,85,0.0,HOLDのため設定なし,1572.0,2.1323042139320902,-0.8549618320610721,32.05645995302229,2.090149036713922,0
2025-12-11,7269.T,1d,HOLD,,週足は強い上昇だが日足はSMA25を割込み、買いルール非該当。RSI 16.4は売られ過ぎを示唆し、売りも危険。相反するシグナルが多く方向性が不明なため様子見。,85,0.0,,2287.0,-1.4708289892035764,0.8605159597726009,-73.77955210022829,2.3721031919545257,0
2025-12-11,7270.T,1d,HOLD,,上昇トレンド中の押し目買い(パターンB)の好機。しかしボラティリティが警戒圏(2.43%)にあり、ルール条件である出来高1.0倍超を満たしていない(0.73倍)ため、BUYは見送り。,90,0.0,ボラティリティ警戒圏で出来高不足,3438.0,0.9774665758124135,0.905177428737635,-29.96185583096062,2.434970497797723,0
2025-12-11,7459.T,1d,HOLD,,上昇トレンド継続中の押し目(RSI:51.2)でパターンBに合致。しかしボラティリティが警戒圏(2.0%)にあり、出来高(0.79倍)がルール条件(>1.0倍)未達。規律を優先しHOLD。,85,0.0,HOLDのため設定しない,2732.5,2.6661256265169797,2.7915827996340257,7.2139349396848536,1.9958175401908247,0
2025-12-11,7741.T,1d,HOLD,,週足は強いが、日足トレンドが下降し価格がSMA25を下回っている(BUY前提条件を満たさず)。ボラティリティも警戒圏のため、明確なサインが出るまで様子見が最適と判断。,85,0.0,HOLDのため設定なし,23475.0,-1.5863566619433778,-1.5301384451544071,-15.669918260995585,2.215122470713525,0
2025-12-11,7832.T,1d,HOLD,,週足・日足ともに明確な下降トレンド。価格がSMA25を-3.78%下回っており、厳格なBUYルールの前提条件を満たさないため。,95,0.0,HOLDアクションのため設定なし,4302.0,-3.781636651547271,-4.284518828451876,-20.346941020459195,2.25310486816763,0
2025-12-11,8001.T,1d,HOLD,,上昇トレンドは継続中だが、出来高(0.93倍)がブレイクアウト条件を満たさず、RSI(59.7)も押し目買いの水準ではない。明確な買いサインがないため様子見。,85,0.0,HOLDのため設定なし,9570.0,2.792254383439796,1.9853709508881923,18.636458832392005,1.9241677862367517,0
2025-12-11,8002.T,1d,SELL,,RSI(83.1)とSMA25乖離率(+9.4%)が過熱圏の閾値に極めて近く、短期的な調整リスクが非常に高いため、利益確定を推奨。,90,0.0,利益確定のため適用外,4435.0,9.404602147142405,5.081397970687724,80.92429506621849,2.322435174746336,0
2025-12-11,8015.T,1d,HOLD,,上昇トレンド中の押し目(RSI 50.5)で買いパターンBに類似。しかし、ボラティリティが警戒圏(2.64%)にある中、出来高が伴わない(0.76倍)ため、厳格ルールにより新規BUYは見送り。,85,0.0,HOLDのため設定なし,5061.0,2.8023335175013875,3.6878087334518757,2.588326811636729,2.6392299658452596,0
2025-12-11,8031.T,1d,SELL,,SMA25乖離率が+10.24%に達し、RSIも79.6と高水準。ルール3の「クライマックス(利確)」条件に合致するため、過熱感からの利益確定が確率的に優位と判断。,85,0.0,,4543.0,10.242373062325893,4.708782742681049,59.247209541546326,2.1225747617999438,0
2025-12-11,8035.T,1d,HOLD,,ボラティリティが3.5%と危険域のため、ルールに基づき新規BUYは絶対禁止。価格はSMA25を維持しており、明確なSELLシグナルもないため、様子見が最適解。,80,0.0,HOLDのため設定なし,32600.0,0.1757685263714226,-0.5423312883435671,-1.3398993421366,3.5013146362839613,0
2025-12-11,8053.T,1d,HOLD,,上昇トレンドは強いが、RSI(74.9)がBUYルール(50-70)の範囲外で過熱感あり。ボラティリティも警戒圏(2.09%)のため、新規BUYはリスクが高い。利確/損切りシグナルもなく、様子見が最適と判断。,85,0.0,明確な売買シグナルなし,5287.0,8.926761329454514,4.232267826744851,62.016513398734,2.088681131616634,0
2025-12-11,8058.T,1d,BUY,,上昇トレンド中の押し目(SMA25付近)であり、かつ出来高を伴うボラティリティ収縮からのブレイクアウト初期段階に合致。,75,3650.0,SMA25を明確に下回ったため,3721.0,0.793126239259756,1.3845740392367516,8.265786919569862,2.05014013130111,0
2025-12-11,8088.T,1d,HOLD,,BUYの前提条件「価格がSMA25の上」を満たしていない。RSI(27.4)は売られ過ぎを示唆しており、明確なサインを待つのが賢明。,85,0.0,該当なし,1632.5,-1.274809806601429,0.39938744257274,-31.252859780741097,1.7195362065193613,0
2025-12-11,8306.T,1d,HOLD,,押し目買い(パターンB)の形だが、ボラティリティが警戒圏(2.21%)にある中、出来高が伴っておらず(0.79倍)、売買ルールを満たさないため様子見が妥当。類似過去事例の勝率の低さも懸念材料。,85,0.0,HOLDのため設定なし,2438.5,0.706203023044516,2.8279680131228226,-12.606087769490273,2.2100823105539122,0
2025-12-11,8308.T,1d,HOLD,,BUY条件を満たさず。価格がSMA25を下回り(-2.67%)、上昇トレンドの前提が崩れている。RSI(22.1)は売られ過ぎだが、出来高が乏しく自律反発狙いは危険。明確なサインを待つのが賢明。,90,0.0,HOLDアクションのため不要,1511.5,-2.6684868700658115,1.2464439298709986,-63.883303958632936,2.599121024526251,0
2025-12-11,8309.T,1d,HOLD,,上昇トレンドは継続中だが、出来高が伴っておらず(0.88倍)、明確な押し目でもないため、厳格なBUYルールのいずれにも合致しない。様子見が最適と判断。,85,0.0,HOLDのため適用外,4567.0,3.129798572847986,3.146047733742029,13.293995365433773,1.8486658950858645,0
2025-12-11,8316.T,1d,HOLD,,強い上昇トレンドだがボラティリティが警戒圏(2.26%)。ルール上、出来高(0.88倍)が伴わないため新規買いは見送り。,85,0.0,,4841.0,6.082253738407872,6.297872340425515,7.798181379211239,2.261929353439372,0
2025-12-11,8331.T,1d,HOLD,,上昇トレンドは継続中だが、ボラティリティが警戒圏(2.31%)にあり、厳格なBUY条件(A/B)に合致しないため様子見。特に出来高倍率がブレイクアウト条件(1.2倍)を僅かに下回っている。,75,0.0,,1670.5,4.454560234108285,4.530380125710855,18.946486702728667,2.3111130115021163,0
2025-12-11,8354.T,1d,BUY,,ブレイクアウトパターン(A)に合致。出来高増(1.22倍)、RSI(64.1)も良好。ボラティリティは警戒圏だが、強い上昇モメンタムがリスクを正当化する。,85,4630.0,ルール: SMA25を下回りトレンド崩壊,4894.0,4.720332092266877,3.151614221495705,11.131381182904361,2.119213030533014,0
2025-12-11,8411.T,1d,HOLD,,ボラティリティが警戒圏(2.09%)だが出来高が伴っておらず(0.99倍)、BUY条件を満たさない。上昇トレンドは継続中だが、明確な売買サインがないため様子見が最適と判断。,90,0.0,HOLDのため設定なし,5571.0,3.9482031570698295,3.994973972356839,6.89942311014115,2.0911865015257587,0
2025-12-11,8473.T,1d,HOLD,,ボラティリティが警戒圏(2.82%)だが出来高倍率が1.0倍未満のため、売買ルールに非該当。明確なサインを待つのが賢明と判断。,90,0.0,,3337.0,0.4346046422035954,0.021576266107289622,41.2533091358973,2.8158311571557,0
2025-12-11,8591.T,1d,HOLD,,週足・日足共に強い上昇トレンドで低ボラティリティ(1.82%)と環境は良いが、出来高が伴わず(0.87倍)、明確なBUYサインには至らない。ルールに従い様子見が最適。,85,0.0,明確な売買サインが出ていないため,4340.0,5.539613832012069,5.38248847926266,20.606351101160186,1.8169848584595127,0
2025-12-11,8593.T,1d,BUY,,週足・日足が上昇トレンドの中、RSI(55)が示す調整局面は「押し目買い」の好機。ボラティリティも低く、ルールBに合致するためBUYと判断。,65,1235.0,SMA25を下回りトレンド転換,1261.0,1.7559149155934373,1.912767644726399,20.09247727713765,1.4614251727653789,0
2025-12-11,8604.T,1d,SELL,,ルールに基づき、SMA25からの上方乖離率が+10%を超え過熱感があるため利益確定を推奨。RSIも74.8と高値圏にあり、短期的な調整リスクが高い。,85,0.0,利益確定のため適用外,1279.0,10.605693728596632,4.713057075840481,70.35475113763134,2.4209762090919247,0
2025-12-11,8630.T,1d,HOLD,,週足・日足共に上昇トレンドは強いが、ボラティリティが警戒圏(2.40%)にありながら出来高(0.92倍)が伴わないため、厳格ルールの買い条件を満たさない。様子見が妥当。,65,0.0,,5049.0,3.99159663865547,3.4462269756387403,13.95173505858364,2.400758283111224,0
2025-12-11,8697.T,1d,HOLD,,日足トレンドが下降かつ価格がSMA25を下回るためBUYは厳禁。しかしRSI(23.4)が売られ過ぎ水準にあり、下値も限定的か。方向感が不明瞭なため様子見が賢明。,85,0.0,該当なし,1698.0,-2.9936014625228546,-0.17903415783274226,-43.21762709442518,1.9939424533064107,0
2025-12-11,8725.T,1d,HOLD,,強い上昇トレンドだが、RSIが71.8と過熱感があり出来高も平凡。厳格なBUYルールに合致しないため、高値掴みを避けて様子見。,75,0.0,HOLDのため設定なし,3596.0,5.513955071477206,4.371523915461618,37.07911692885174,2.1889400921658986,0
2025-12-11,8766.T,1d,HOLD,,週足・日足ともに下降トレンドであり、価格がSMA25を下回っているため、厳格ルールの買い条件を満たさない。ボラティリティも警戒圏にあり、新規買いはリスクが高い。明確なサインが出るまで様子見が賢明。,90,0.0,該当なし,5554.0,-1.8332473151729034,-1.4548073460568829,34.860032152852796,2.0500025721487733,0
2025-12-11,9020.T,1d,HOLD,,ボラティリティが警戒圏(2.18%)だが、買い条件の出来高1.0倍超を満たしていない。また押し目買いパターンのRSI(36.1)も条件範囲(40-55)を下回っており、明確なサインがないため様子見が妥当。,85,0.0,HOLDのため適用外,3921.0,0.4529477470460952,2.497322111706199,-35.13741279577368,2.1823878748132763,0
2025-12-11,9021.T,1d,HOLD,,週足・日足ともに下降トレンドで買い条件を満たさない。一方、RSIは売られ過ぎ水準にあり、明確な方向性が出るまで様子見が賢明。,85,0.0,該当なし,3009.0,-2.137430400166518,-1.467597208374901,-12.90225142939823,1.4171770403076485,0
2025-12-11,9432.T,1d,HOLD,,週足は強い上昇トレンドだが、日足が下降しておりBUY条件を満たさない。出来高も低く、方向性が定まっていないため、明確なサインを待つのが賢明。,75,0.0,該当なし,155.10000610351562,1.034451115774604,-0.4332685269336815,11.543195486644075,1.1651477072366796,0
2025-12-11,9433.T,1d,HOLD,,押し目買いパターン(B)に合致するが、類似の過去事例の勝率が著しく低く、出来高も伴わないため優位性なし。マクロの不透明性も考慮し、様子見とする。,70,0.0,HOLDのため設定なし,2694.0,1.3010453485748696,3.5040831477357295,-25.361239900548643,1.494060876020787,0
2025-12-11,9434.T,1d,HOLD,,週足・日足ともに下降トレンドであり、価格がSMA25を下回っているため、BUYの前提条件を満たしていない。明確な上昇サインが出るまで様子見が最も安全な選択肢。,85,0.0,該当なし,216.5,-2.1760736521996615,-0.12932969020640878,-34.54379185242109,1.656218465504887,0
2025-12-11,9532.T,1d,HOLD,,上昇トレンド中の押し目だが、ボラティリティ警戒圏(2.26%)での買い条件である出来高1.0倍超を満たしていない。類似過去事例の勝率も極めて低く、エントリーは見送る。,80,0.0,該当なし,5260.0,0.5759214360558929,4.964258555133095,-80.69611976150706,2.2596414991852254,0
2025-12-11,9735.T,1d,HOLD,,ボラティリティが警戒圏(2.01%)だが、ルール条件の出来高倍率>1.0を満たしていないためBUYは見送り。類似過去事例の勝率も低く、明確なサインを待つのが賢明。,85,0.0,HOLDのため設定なし,5452.0,1.8935910949636314,1.8796771826852783,14.754036888534317,2.0123676763441987,0
2025-12-11,9766.T,1d,SELL,,ボラティリティが3.03%と危険域に突入。価格はSMA25を-5.30%下回りトレンド崩壊。ルールに基づき即時撤退（SELL）が妥当。,90,0.0,ルールに基づき即時撤退,22260.0,-5.300774270399044,-2.440251572327031,-70.37621782311707,3.0291361827749967,0
2025-12-11,9962.T,1d,HOLD,,強い上昇トレンドだが、RSIが80と過熱圏にあり、売買ルール上の買い条件を満たさない。売り条件にも達しておらず、明確なサインがないため様子見が最適。,85,0.0,,2405.0,5.958339207669527,0.5604989604989803,89.38984735497463,2.3656073656073655,0
2025-12-11,9983.T,1d,HOLD,,価格がSMA25を下回り(乖離-1.34%)、厳格なBUYルール前提外。一方、週足上昇トレンドは強くRSI(39.3)も低いため、売りも時期尚早。様子見が最適。,80,0.0,HOLDアクションのため適用外,55550.0,-1.3398597622921171,0.34563456345634563,-46.70789229186814,2.1435000642921436,0
2025-12-12,1605.T,1d,BUY,,上昇トレンド中の理想的な押し目(RSI43.5)。BB幅8.4%の極端なスクイーズ状態で出来高増(1.37倍)を伴っており、エネルギー蓄積後の再ブレイクアウトが濃厚。,85,3110.0,SMA25(約3150)を明確に下抜けトレンド転換と判断するライン,3184.0,1.0389494995652448,4.309045226130677,-58.81205132449243,2.09305455850682,0
2025-12-12,1801.T,1d,SELL,,SMA25乖離率が+10%を超え過熱感が強く、ルール上の利確基準（クライマックス）に合致。RSI79と高水準かつ出来高減により調整リスク大。新規買いは危険であり、保有分は利益確定すべき局面。,90,0.0,利益確定のため設定なし,14415.0,10.061692575512327,7.4616718695803135,21.82839258636911,2.591546504137555,0
2025-12-12,1802.T,1d,HOLD,,強力な上昇トレンド中だが、RSI78かつSMA25乖離率+7.3%と短期的過熱感がある。新規BUY条件（押し目や出来高急増）を満たさないため、高値掴みを避けて調整を待つのが最善。,85,0.0,様子見のため設定なし,3264.0,7.311941083640194,6.057598039215695,-11.580862220902398,1.7966561624649862,0
2025-12-12,1803.T,1d,HOLD,,上昇トレンド中だが、RSI(9)が33.4まで低下し、押し目基準(40-55)より低い。短期的な調整が続いており下げ止まり未確認のため、反発を確認するまで静観が最良。,75,0.0,,2672.0,3.869447921444835,8.270958083832335,-76.86065491785045,2.7868370402053033,0
2025-12-12,1812.T,1d,HOLD,,強力な上昇トレンド中だが、RSI63.5で押し目基準(40-55)を超過し、出来高倍率1.06倍とブレイクアウト基準(1.2倍)にも未達。明確なトリガー待ち。,85,0.0,,5854.0,3.986073610913743,4.880081995216951,-41.39283979314636,2.213382790765777,0
2025-12-12,1925.T,1d,HOLD,,現在価格がSMA25を下回っており(乖離率-1.73%)、BUYの絶対条件を満たしていない。日足トレンドも下降中で出来高の増加も見られないため、SMA25を明確に上抜けるまでは静観が妥当。,40,0.0,,5166.0,-1.731773012950255,-0.949283778552088,-15.734810393038613,1.5084895746916653,0
2025-12-12,1928.T,1d,BUY,,ボラティリティ1.66%の安全圏。BB幅6.85%のスクイーズ状態から出来高増(1.25倍)を伴う上昇開始で[パターンA]に合致。マクロ環境の金利低下も住宅株に追い風。,92,3350.0,SMA25(-1%)を下抜けトレンド転換と判断,3460.0,2.057671433290875,1.4728323699421715,6.057100330140759,1.6618497109826589,0
2025-12-12,2502.T,1d,HOLD,,上昇トレンド中の調整局面だが、現在価格がSMA25を僅かに下回っており(乖離率-0.22%)、BUYの絶対条件「SMA25より上」を満たしていない。RSI36.9と弱含んでおり、明確な反発とSMA回復を待つべき局面。,75,0.0,,1762.5,-0.22078804347827052,1.6181560283687932,-20.751917663253227,1.7608915906788247,0
2025-12-12,2503.T,1d,HOLD,,SMA25乖離率が-2.18%とマイナス圏で、新規BUYの絶対条件「SMA25より上」を満たさない。RSI16.5と売られすぎ水準だが、急落直後であり逆張り禁止ルールに基づき静観が妥当。,45,0.0,BUY対象外,2319.5,-2.177855377582083,2.6660918301358114,-87.87723762866133,1.478151079358236,0
2025-12-12,2768.T,1d,SELL,,RSIが87.5、SMA25乖離率が+10.77%に達し、短期的な過熱感が顕著。ルールの「クライマックス（利確）」条件に完全合致するため、利益確定を推奨。,95,0.0,,5020.0,10.772761375171003,5.654183266932274,56.99198349405284,1.8540125213431984,0
2025-12-12,2801.T,1d,BUY,,週・日足上昇トレンド、BBスクイーズ(6.8%)、出来高増(1.25倍)、RSI(61.5)で[パターンA: ブレイクアウト]に合致。ボラティリティ警戒圏だがモメンタム強く資金流入を確認。,85,1380.0,SMA25を明確に下回りトレンド転換と判断する水準,1435.0,2.608471813059521,4.9226480836236854,-15.521426599468134,2.190144350423096,0
2025-12-12,2802.T,1d,HOLD,,SMA25乖離率-6.21%で下降トレンド継続中。BUYの絶対条件（SMA25より上）を満たさず、RSI28台だが明確な底打ちシグナルがない。「落ちるナイフ」のリスクが高く静観が最善。,95,0.0,-,3366.0,-6.20924867087973,-10.987522281639933,-14.09933912355493,2.175112469230116,0
2025-12-12,3092.T,1d,BUY,,BB幅狭小(6.89%)からの出来高増(1.38倍)を伴うブレイクアウト初期形状。SMA25乖離プラス転換と地合い好転が追い風。週足下降のため短期の過熱感(RSI70超)で利確推奨。,82,1290.0,SMA25(推定1300付近)を明確に下回り、トレンド復帰失敗と判断するライン,1318.5,1.2517278451850578,0.11528251801289208,4.070231147751164,2.1534210954006174,0
2025-12-12,3382.T,1d,BUY,,ボラティリティ1.6%の安全圏かつ、BBスクイーズからの出来高増(1.3倍)を伴うブレイクアウト(パターンA)を確認。地合いも好転。ただし類似事例の勝率懸念により自信度は慎重に設定。,78,2080.0,トレンドの支えであるSMA25を明確に下回った場合,2170.0,3.836694069345681,2.8147465437787984,-12.660095936520273,1.6079657669519423,0
2025-12-12,4063.T,1d,BUY,,BB幅11%台のスクイーズ状態から、出来高1.5倍を伴い上昇する典型的なブレイクアウト[パターンA]に合致。RSI61で過熱感もなく、マクロ環境のリスクオンも追い風。,92,4610.0,上昇トレンドの支えであるSMA25を明確に下回り、ブレイクアウト失敗と判断されるため。,4836.0,4.189108834098865,1.4474772539288667,37.2647132748816,2.3366418527708848,0
2025-12-12,4502.T,1d,BUY,,上昇トレンド中の調整局面。ボラティリティが低く、株価はSMA25付近でサポートされている。RSIも低水準で過熱感がなく、地合い好転を背景に反発の可能性が高い。,80,4370.0,SMA25を明確に下抜け、上昇トレンドの前提が崩れるため。,4448.0,0.7301121437759184,2.5125899280575585,-14.153862242551245,1.2654162384378211,0
2025-12-12,4503.T,1d,HOLD,,上昇トレンドかつ低ボラティリティだが、RSIが77.3と高く新規買い条件(50-70)を逸脱。短期的過熱感があり、高値掴みを避けるため押し目形成を待つ。,60,0.0,なし,2055.0,5.655526992287907,7.19221411192215,-10.693912306384043,1.821341675356274,0
2025-12-12,4507.T,1d,HOLD,,BUYの絶対条件であるSMA25乖離率プラス圏（>0%）を満たさず（現-0.37%）、ボラティリティも警戒圏のため。上昇トレンド中の調整局面に見えるが、SMA25回復を確認するまで静観推奨。,60,0.0,,2676.5,-0.37074812206397967,1.9308798804408853,-23.983005637773203,2.65938992821115,0
2025-12-12,4543.T,1d,HOLD,,日足・週足共に下降トレンド継続中。価格がSMA25を大きく下回り(-3.89%)、BUYの絶対条件を満たしていない。RSIは31台だが明確な反転サインがなく、落ちるナイフを掴むリスクがあるため静観。,40,0.0,,2312.5,-3.888514833379053,-2.7779459459459366,-32.601171457344115,2.1513513513513516,0
2025-12-12,4901.T,1d,HOLD,,SMA25を上抜け上昇転換の兆しはあるが、RSI(9)が77.5とBUY条件の上限(70)を超え短期過熱気味。出来高倍率も基準の1.2倍に未達のため、高値掴みを避け押し目を待つのが賢明。,50,0.0,,3465.0,4.300868120356882,-1.847041847041847,74.32331219408981,1.645021645021645,0
2025-12-12,4911.T,1d,HOLD,,ボラティリティが3.12%と危険域(3%以上)にあり、ルール上新規BUYは禁止。RSIも74.9と高く短期過熱感があるため、ボラティリティの沈静化を待つべき局面。,85,0.0,該当なし,2437.5,3.5049427591126836,-4.094358974358982,109.40771727692395,3.116483516483516,0
2025-12-12,5020.T,1d,HOLD,,強力な上昇トレンド中だが、RSIが79.7と高くBUY条件の許容範囲(70以下)を超過。短期的過熱感があり高値掴みリスクが高い。一方で売却基準にも未達のため静観。,75,0.0,,1100.5,5.817714584154543,4.144298756247168,24.98401751403049,2.0672421626533395,0
2025-12-12,5401.T,1d,BUY,,低ボラ(1.88%)かつBB幅極小(4.17%)のスクイーズ状態で、出来高急増(1.6倍)を伴うブレイクアウト初動。週足上昇トレンドかつSMA25乖離プラスで、最も期待値が高い局面。,92,612.0,SMA25を明確に下回りトレンド転換と判断する水準,632.0,2.0256606672430566,-0.03544133826147008,-3.9906632398831854,1.8795234169709962,0
2025-12-12,5411.T,1d,BUY,,BB幅縮小からの拡大、出来高2.2倍の急増、RSI上昇傾向と[パターンA: ブレイクアウト]の条件に完全合致。地合いも好転しており強い資金流入が継続すると判断。,90,1915.0,ボラティリティ考慮し取得値の約-4%、かつ直近急騰起点のサポート割れ撤退,1996.5,6.740732028100638,3.89481592787379,37.92032893029177,2.023183428142106,0
2025-12-12,5713.T,1d,SELL,,SMA25乖離率が+15.8%に達し過熱基準(+10%)を大幅超過。RSIも84超で天井圏。ボラティリティが3.16%と危険域にあるため、ルールに基づき利益確定・撤退を強く推奨。,95,0.0,利益確定推奨のため設定なし,5952.0,15.824706157079472,3.6868279569892564,113.68136911947124,3.155001920122888,0
2025-12-12,6146.T,1d,HOLD,,ボラティリティが3.73%と危険域(3.0%以上)にあり新規買いは厳禁。RSIが83.1と過熱しているが、ルール上の利確基準(85)には未達のため、リスク回避を優先し静観を推奨。,90,0.0,,48810.0,5.362909492807444,-1.552140954722405,154.40086212741886,3.728744109813563,0
2025-12-12,6301.T,1d,HOLD,,SMA25乖離率が-1.00%でBUYの絶対条件「SMA25より上」未達。日足下降トレンド中で、地合いは良いが明確な反転サインが出るまでは静観が妥当。,40,0.0,,5060.0,-0.9986225895316836,-1.0102766798419132,-5.104688525562262,1.9466403162055335,0
2025-12-12,6305.T,1d,BUY,,ボラティリティが1.99%と低く安全圏。BB幅7.5%のスクイーズ状態でエネルギーが蓄積されており、SMA25上抜けと出来高増(1.18倍)は上昇ブレイクアウトの初動を示唆。リスクリワード良好。,75,4530.0,SMA25(トレンド転換線)を明確に下回り、ダマシが確定した場合。,4605.0,0.9673571766851907,-1.7806731813246468,21.02500294361414,1.9854195749961223,0
2025-12-12,6326.T,1d,BUY,,上昇トレンド継続中の押し目(パターンB)に合致。RSIが48まで調整し過熱感が解消。地合いの好転と出来高増(1.64倍)が再上昇を後押しすると判断。ボラティリティは警戒圏だが許容範囲内。,85,2160.0,SMA25(トレンド支持線)を明確に下抜けし、トレンド転換が疑われる水準。,2270.5,4.240315131258776,4.71438009249064,0.4062300112790718,2.406644225626829,0
2025-12-12,6367.T,1d,BUY,,BB幅7.5%のスクイーズかつ低ボラティリティ環境下で、出来高増(1.24倍)を伴う再上昇の初動。SMA25乖離率もプラス圏を維持しており、典型的なボラティリティ縮小からのブレイクアウト局面。,85,19400.0,SMA25を明確に下抜けトレンド崩壊と判断するライン,20000.0,0.7242070486800145,2.8340000000000143,-42.60046338272739,1.9696428571428573,0
2025-12-12,6383.T,1d,BUY,,BB幅7.8%の極小スクイーズ状態から出来高1.5倍を伴う上昇で、ブレイクアウトの可能性大。RSI54で過熱感なく、SMA25上方推移かつ地合い良好のため、新高値更新を狙う好機。,85,4960.0,SMA25を明確に下抜けトレンド転換と判断するライン,5036.0,0.7578849647467578,0.6258935663224868,4.781097235524426,2.284976738908431,0
2025-12-12,6471.T,1d,HOLD,,上昇トレンド継続中だがRSIが74.2と高く、新規BUY条件のRSI(50-70)範囲外。出来高倍率も1.05倍と基準の1.2倍に届かず、ブレイクアウトの確証不足のため静観。,75,0.0,該当なし,959.7000122070312,4.168476927042009,5.460872916563986,-0.37801122356742906,1.8547472506855542,0
2025-12-12,6473.T,1d,HOLD,,強力な上昇トレンドだがRSIが70を超え過熱気味。新規買い条件(出来高1.2倍以上、BB幅<15%)に未達のため、高値掴みを避け押し目または過熱解消を待つのが賢明。,85,0.0,,1764.5,6.65498065764023,3.3527911589685635,28.285846078553476,2.1151277172813017,0
2025-12-12,6501.T,1d,BUY,,BB幅9.3%のスクイーズから出来高急増(1.6倍)を伴うブレイクアウト[パターンA]に合致。SMA25を上抜け、地合い(VIX低下)も追い風。ボラティリティ警戒圏のため早期利確を視野に。,82,4890.0,SMA25を明確に割り込み(-1%超)、トレンド前提が崩れるため,5010.0,1.248120543870157,-1.8794411177644683,-22.923246337614977,2.5049900199600796,0
2025-12-12,6503.T,1d,SELL,,RSI(9)が87.4、SMA25乖離率が+10.4%に達し過熱感が極めて高い。ルール上の「クライマックス（利確）」条件（RSI>85かつ乖離率>10%）を完全に満たすため、直ちに利益確定を推奨。,95,0.0,,4793.0,10.422522231949483,2.967661172543326,80.78383948511215,2.5781645852582633,0
2025-12-12,6857.T,1d,HOLD,,ボラティリティが4.03%と危険域(3%以上)に達しており、ルール上「新規BUYは絶対禁止」。価格はSMA25の上(+3.63%)を維持しており明確な売りシグナルもないため、静観が最善。,90,0.0,ボラティリティ過大のため静観,20785.0,3.630688843683938,-2.432523454414234,-8.571678516116165,4.029348087563147,0
2025-12-12,7011.T,1d,HOLD,,ボラティリティが警戒圏(2.82%)だが、必須条件である出来高増(>1.0倍)未達(0.95倍)のためBUY不可。価格はSMA25を回復したがRSI66.6と押し目でもなく、次の方向感を待つ局面。,45,0.0,,4157.0,1.3714530964991756,-3.721914842434432,65.83775078259897,2.824839341558129,0
2025-12-12,7012.T,1d,SELL,,ボラティリティが3.42%と危険域にあり、SMA25乖離率が+10.6%と過熱水準（ルール上の利確条件+10%超過）。RSIも82.9と高く、短期的調整リスクが高いため利益確定を推奨。,85,0.0,,11705.0,10.659627813051875,-2.4263135412217003,153.6297480110163,3.4197839751022148,0
2025-12-12,7013.T,1d,HOLD,,ボラティリティが3.27%と危険域(3%以上)にあり、ルールに基づき新規BUYは絶対禁止。価格はSMA25を回復したが日足トレンドは弱く、乱高下リスクが高いため静観推奨。,80,0.0,,2930.5,1.7456999812514473,-2.586589319228807,44.47842286195351,3.271016647573549,0
2025-12-12,7201.T,1d,HOLD,,上昇トレンドでSMAより上にあるが、ボラティリティが2.97%と危険域(3.0%)に極めて近く、かつ出来高倍率が1.2倍未満のためブレイクアウト条件を満たさない。高値掴みリスク回避のため静観。,75,0.0,,400.8999938964844,7.6889174052038545,4.032925490901786,66.33029223302069,2.968321431064446,0
2025-12-12,7203.T,1d,BUY,,BB幅7.77%のスクイーズから上方ブレイクを確認。出来高倍率1.98倍と資金流入が顕著であり、RSIも68台と過熱前の強いモメンタムを示す。[パターンA: ブレイクアウト]の条件に完全合致。,85,3090.0,SMA25(トレンド支持線)を明確に割り込み、ブレイクアウト失敗と判断されるため,3260.0,4.947333178809643,-0.110429447852744,28.53332915808905,2.0552147239263805,0
2025-12-12,7267.T,1d,BUY,,BB幅7%台のスクイーズからSMA25を上抜けるブレイクアウトを確認。PBR0.5倍台の割安感とマクロ環境の好転も追い風。ボラティリティ警戒圏だが出来高増を伴い上昇余地あり。,82,1520.0,SMA25を明確に下抜けトレンド否定で撤退,1600.0,3.8354208579401528,-0.3074999999999761,48.26083693116285,2.0,0
2025-12-12,7269.T,1d,HOLD,,SMA25乖離率が-0.96%とマイナス圏でBUY条件（SMA25より上）未達。一方RSIが23.8と売られすぎ水準にあり、自律反発の可能性もあるため、損切り基準-1%到達までは静観が妥当。,50,0.0,様子見のため設定なし,2306.0,-0.9560787884514754,1.4171725932350518,-69.25187024149223,2.377338619749721,0
2025-12-12,7270.T,1d,HOLD,,上昇トレンドとBBスクイーズは好機だが、ボラティリティが警戒圏(2.26%)で、出来高倍率(1.08)もブレイクアウト基準(1.2)に未達。ダマシ回避のため基準適合を待つ。,45,0.0,,3517.0,3.0145749367325836,1.3716235427921464,-3.273555324736917,2.2624801982208864,0
2025-12-12,7459.T,1d,BUY,,ボラティリティが低く安全圏(1.87%)にあり、BB幅極小(<8%)からの出来高増(1.35倍)を伴うブレイクアウト(パターンA)に完全合致。地合いも良く、PBR1倍割れで下値不安も限定的。,95,2640.0,主要支持線であるSMA25を明確に下回り、トレンドが崩れたと判断できる価格帯。,2756.5,3.1770985394629525,3.0458915291130073,9.657431146504498,1.872198180923013,0
2025-12-12,7741.T,1d,BUY,,BB幅6.38%のスクイーズ状態から、出来高増(1.38倍)を伴いSMA25を上抜けたためブレイクアウトと判断。地合い好転も追い風。ボラティリティ警戒圏のためLC厳守。,75,23400.0,SMA25明確な割り込み及びボラティリティ拡大時の撤退ライン,23895.0,0.4658554838926632,-2.0975099393178365,-6.9858426895369465,2.207574806444863,0
2025-12-12,7751.T,1d,HOLD,,上昇トレンドでバンド幅も狭いが、出来高倍率が1.05倍と基準(1.2倍)に届かず、RSIも70を超え短期的過熱感がある。ダマシ警戒のため明確な出来高増か押し目を待つ。,50,0.0,様子見のため設定なし,4780.0,5.263157894736836,2.428451882845187,40.24107383352903,1.6900777047220563,0
2025-12-12,7832.T,1d,HOLD,,SMA25を下回る下降トレンド継続中で、絶対条件の乖離率プラスを満たさない。日経平均上昇に対し逆行安となっており相対的強度が著しく弱い。底打ちの兆候なく静観推奨。,95,0.0,,4282.0,-4.065885811071168,-3.878561419897285,-18.451474868949138,2.1185027023420298,0
2025-12-12,8001.T,1d,HOLD,,ボラティリティ1.93%と低くトレンドは強力だが、RSIが79.8に達し新規BUY条件(50-70)を逸脱。短期的過熱感があり高値掴みリスクが高い。利確基準(RSI>85)までは上昇余地があるため静観。,80,0.0,,9763.0,4.767157862204829,1.775683703779582,33.18896790617345,1.9300273627836877,0
2025-12-12,8002.T,1d,SELL,,"RSI(96.3)とSMA25乖離率(12.2%)が共に利確基準(RSI>85, 乖離>10%)を大幅超過。極度の過熱感があり、統計的に短期的な反落リスクが極めて高い局面。",95,0.0,利益確定推奨のため設定なし,4578.0,12.212483087240411,5.106159895150726,91.7380807480064,2.3388254384322535,0
2025-12-12,8015.T,1d,BUY,,上昇トレンド継続中。出来高増(1.36倍)を伴うBBスクイーズからのブレイクアウト(パターンA)に合致。ボラティリティは警戒圏だがモメンタム強く、リスク許容しエントリー。,85,4900.0,トレンド支持線であるSMA25の明確な割り込み,5205.0,5.410462874455235,3.315273775216129,12.63119470068487,2.67325373953616,0
2025-12-12,8031.T,1d,SELL,,RSIが87.2、SMA25乖離率が+11.2%に達し、規定の「クライマックス（利確）」条件（RSI85以上かつ乖離10%以上）を完全に超過。短期的過熱感が極めて強く、急落リスクが高いため利益確定を推奨。,95,0.0,,4607.0,11.201761076728477,4.763186455393977,79.77369044415968,2.066730751341127,0
2025-12-12,8035.T,1d,SELL,,ボラティリティ3.37%（危険域）かつSMA25乖離率-3.00%で、明確にサポートラインを割り込んでいる。出来高増を伴う下落トレンド入りが示唆され、ルールの「トレンド崩壊」および「危険域」に該当するため撤退推奨。,90,0.0,トレンド崩壊による撤退,31500.0,-2.9957379714715016,-1.17079365079366,-34.6604737523369,3.374149659863946,0
2025-12-12,8053.T,1d,SELL,,SMA25乖離率が+10.56%に達し、RSI(82.0)と共に過熱圏。ルールの「クライマックス（利確）」条件に合致するため、急騰後の調整リスクを回避し利益確定を推奨。,95,0.0,,5398.0,10.564909262217848,4.755835494627628,81.29962474049611,2.070872810035463,0
2025-12-12,8058.T,1d,BUY,,ボラティリティ1.91%の安全圏でBB幅7.6%のスクイーズが発生。出来高増(1.32倍)を伴い再上昇の兆しがあり、パターンA（ブレイクアウト）に完全合致。地合いも好調で勝率が高い局面。,92,3680.0,主要支持線であるSMA25を明確に下回り、上昇トレンドが崩れたと判断するライン,3763.0,1.7940422216691676,1.4520329524315552,5.88698577275093,1.9114688128772637,0
2025-12-12,8088.T,1d,HOLD,,SMA25乖離率が-0.37%でBUYの絶対条件「SMAより上」を満たさず。一方、下落幅は浅くSELL基準(-1%割れ)にも未達。週足上昇トレンドと好調なファンダメンタルズを背景に、SMA回復時の押し目買いを待つ局面。,75,0.0,,1648.5,-0.37469027618299844,0.5022747952684381,-22.128891166250575,1.6638502534771868,0
2025-12-12,8306.T,1d,BUY,,週足・日足の上昇トレンド継続中。BB幅9%台のスクイーズ状態から、出来高増（1.43倍）を伴うブレイクアウトの初期兆候あり。RSI55で過熱感なく上値余地がある。,85,2420.0,トレンドの支えであるSMA25を明確に下回り、前提が崩れるため。,2499.0,2.9174354243542533,2.503401360544197,-9.452750912077404,2.180872348939576,0
2025-12-12,8308.T,1d,HOLD,,上昇トレンド中の押し目(RSI43.5)で出来高増も伴うが、現在値がSMA25を僅かに下回る(-0.02%)ためBUY条件「乖離率>0%」未達。SMA25回復を確認するまで静観が最善。,85,0.0,,1554.0,-0.021874236010133163,0.8211068211068059,-48.89216552780243,2.555616841331127,0
2025-12-12,8309.T,1d,HOLD,,上昇トレンドかつBB幅縮小で監視対象だが、RSI(72)が基準を超え過熱気味。出来高倍率(1.16)も基準の1.2倍に届かず、ブレイクアウトの確信が得られないため静観。,45,0.0,条件不一致のため設定なし,4681.0,5.317866013895389,3.0728476821192086,21.03386954732099,1.8631550035096285,0
2025-12-12,8316.T,1d,HOLD,,強力な上昇トレンドだが、SMA25乖離率+8.24%と短期過熱感がある。RSI65.7で押し目条件(40-55)を満たさず、BB幅も拡大済みのため、高値掴みを避け調整を待つのが賢明。,85,0.0,,4973.0,8.244236261057324,5.973054494269034,9.332477962096442,2.2377983970584014,0
2025-12-12,8331.T,1d,BUY,,上昇トレンド継続中。出来高倍率1.46倍と資金流入が強く、RSIも66と過熱感手前で上値余地あり。ボラティリティは警戒圏だがモメンタム条件合致のため買い推奨。,80,1590.0,トレンド支持線のSMA25を明確に割り込みトレンド終了と判断するため,1709.5,6.379668695316676,4.361509213220236,17.977791527274803,2.2124263569130487,0
2025-12-12,8354.T,1d,BUY,,BBスクイーズからの出来高を伴う明確なブレイクアウト（パターンA）。RSIが74とやや高いが、強いモメンタムと地合いの良さを考慮し、短期的な上値余地を狙う。,75,4800.0,ブレイクアウトのダマシ回避のため、直近レンジ上限割れで撤退,5042.0,7.390841320553787,3.2034906783022694,24.452543973252602,2.1335071116903723,0
2025-12-12,8411.T,1d,HOLD,,強い上昇トレンドだが、SMA25乖離率が+6%超で短期過熱感あり。RSI約70で買われすぎ水準に近く、BB幅も拡大済みのため新規BUY条件を満たさない。高値掴みを避け、押し目形成を待つ局面。,70,0.0,,5721.0,6.27744711206224,3.790945638874309,8.876328849474632,2.06632207156591,0
2025-12-12,8473.T,1d,HOLD,,BB幅縮小や出来高増などブレイクアウトの兆候はあるが、RSIが74.6とBUY条件の許容範囲(50-70)を超過。短期過熱感があり高値掴みリスクが高いため、ルールの厳格な適用に基づき、過熱感解消か押し目を待つ。,65,0.0,,3456.0,4.02181568634532,-0.07407407407405933,57.41958258256473,2.5597304894179893,0
2025-12-12,8591.T,1d,HOLD,,強力な上昇トレンドと出来高増(1.43倍)を確認できるが、RSIが77.8と高く、新規BUYルールの許容範囲(50-70)を超過している。短期的過熱感があり、高値掴みを避けるため静観推奨。,45,0.0,,4453.0,7.667533874290355,5.253087805973502,28.01680932814597,1.8189984280260498,0
2025-12-12,8593.T,1d,HOLD,,週足・日足共に上昇トレンドで安定しているが、出来高倍率が1.02倍と低く、ブレイクアウトの必須条件(1.2倍以上)を満たしていない。高値掴みを避けるため新規は静観、保有者は維持。,75,0.0,-,1290.0,3.8664068664551854,1.9441860465116223,28.94535443924207,1.4700996677740865,0
2025-12-12,8604.T,1d,SELL,,SMA25乖離率が12.26%に達し、ルールの「クライマックス（+10%以上）」条件に完全に合致。RSIも78.3と過熱圏にあり、短期的な調整下落の可能性が高いため利益確定を推奨。,95,0.0,,1308.0,12.259260530742555,5.256880733944971,85.22198084526589,2.348186981214504,0
2025-12-12,8630.T,1d,BUY,,強い上昇トレンド(勢い3.52)と出来高増(1.48倍)を伴う高値更新。ボラティリティは警戒圏だが許容範囲内。地合い良好で金融セクターへの資金流入も見込める。,85,4980.0,ブレイク前のレンジ上限かつSMA25接近水準,5200.0,6.601940155310815,3.5230769230769368,22.687258058574283,2.214285714285714,0
2025-12-12,8697.T,1d,HOLD,,現在価格がSMA25を下回っており(-0.61%)、新規買いの絶対条件「SMA25より上」を満たさない。BB幅が極小(6.68%)で動意付く直前だが、方向性が明確になるまで静観が妥当。,45,0.0,,1738.0,-0.6118831131697866,-0.6029919447640977,-28.515138962846954,1.9336675982245601,0
2025-12-12,8725.T,1d,HOLD,,強力な上昇トレンド中だが、RSI(79.1)がBUY条件の上限(70)を超過し過熱気味。乖離率も+8.4%と高く、新規購入にはリスクが高い。利確水準到達または押し目を待つ局面。,80,0.0,SMA25を明確に下回った場合,3717.0,8.396421197522375,4.640301318267407,50.75944721836935,2.0715630885122414,0
2025-12-12,8766.T,1d,HOLD,,BB幅縮小からの出来高増を伴う上昇だが、RSIが71.3と指定範囲(50-70)を超過。トレンド判定も下降のままであり、SMA25の傾きが上向くか、過熱感が解消される押し目を待ちたい。,85,0.0,,5765.0,1.9646546113139207,-1.1975715524717963,57.54975121594213,1.9675380993681082,0
2025-12-12,9020.T,1d,BUY,,上昇トレンド中の押し目(パターンB)に合致。RSI(50.4)は過熱感なく再上昇の余地あり。BB幅が極めて狭く(9.57%)エネルギー充填中で、地合い好転を背景にバンドウォークへの発展が期待できる。,85,3885.0,SMA25(約3925円)を明確に下回りトレンド転換が示唆された場合。,4006.0,2.3965809868515375,2.4283574638042875,-24.699445714032215,2.070109122031239,0
2025-12-12,9021.T,1d,HOLD,,日足・週足共に下降トレンド継続中。現在価格がSMA25を下回っており（乖離率-0.50%）、買いの絶対条件を満たしていない。地合いは好転しているが、個別ではトレンド転換の兆候なく静観推奨。,50,0.0,,3060.0,-0.502041984236401,-1.048366013071893,-7.132915326236894,1.3865546218487397,0
2025-12-12,9432.T,1d,BUY,,ボラティリティ1.13%の安全圏でBBスクイーズが発生中。出来高増(1.39倍)を伴いSMA25を上抜けており、ブレイクアウトの初動と判断。地合いも良く上昇余地が大きい。,85,152.0,SMA25(約153.7円)を明確に下抜け、トレンド崩壊と判断するライン,155.5,1.1684799162611448,0.08231621156550278,12.3262790896679,1.1345901454212362,0
2025-12-12,9433.T,1d,BUY,,上昇トレンド継続中かつ低ボラティリティ(1.43%)の安全圏。出来高倍率1.67倍の資金流入があり、SMA25乖離率+0.6%とサポートライン直上での反発・高値ブレイクが期待できる好条件。,85,2630.0,主要支持線であるSMA25を明確に割り込み、トレンド転換が確定するため,2684.0,0.599700149925031,3.439642324888216,-27.38870714611736,1.4317649563551205,0
2025-12-12,9434.T,1d,HOLD,,現在価格がSMA25を下回っており(-1.84%)、週足・日足共に下降トレンドのためBUY条件を満たさない。地合いは良好だが、明確なSMAブレイクを確認するまで静観が最良。,90,0.0,,217.3000030517578,-1.842983263682041,-0.003680647382732549,-27.92903688593541,1.5087758199025947,0
2025-12-12,9532.T,1d,BUY,,週足・日足共に上昇トレンド。一時的な調整でRSIが46まで低下し、SMA25付近での押し目買い条件(パターンB)に合致。地合い好転と強いモメンタムを背景に再上昇を狙う。,82,5190.0,SMA25を明確に下抜けトレンド転換と判断したため,5359.0,2.090191416727638,4.264974808732963,-71.90949306869058,2.2872071015381334,0
2025-12-12,9735.T,1d,BUY,,低ボラ(1.92%)かつBBスクイーズ(6.6%)からの出来高増を伴うブレイクでパターンAに合致。類似事例の勝率を考慮し確信度は調整したが、地合い良好でRSIも過熱前であり優位性は高い。,85,5350.0,SMA25を下回りトレンド前提が崩れるライン,5527.0,3.0403138003549657,2.0264157770942646,20.189984770382356,1.9178577890356434,0
2025-12-12,9766.T,1d,HOLD,,AI回答なし(Blocked),0,0.0,-,22400.0,-4.342181681527791,-3.367857142857149,-65.67948031263663,2.8396045918367347,0
2025-12-12,9962.T,1d,SELL,,RSIが89.9、SMA25乖離率が+13.11%に達し、規定の「クライマックス」条件（RSI85以上、乖離10%以上）を完全に満たす。短期的過熱感が極限にあり、ルールに基づき利益確定を強く推奨。,95,0.0,利益確定のため設定なし,2579.0,13.10708991553151,1.3012795657231286,128.6114247448389,2.4954301224173268,0
2025-12-12,9983.T,1d,BUY,,BB幅9.3%のスクイーズから出来高1.69倍を伴う上昇示唆。RSI57.5と過熱感なく、トレンドフォローの好機。マクロ環境もリスクオンで追い風。,85,55400.0,SMA25を明確に下回りトレンド転換と判断されるため,57120.0,1.4096509604800689,0.23389355742297938,-31.040149512486767,2.1746198479391756,02025-12-13,1605.T,1d,BUY,,SMA25乖離率が+0.5%〜+4.7%の範囲内。トレンド勢いもプラス。,75,3050.714285714286,ATR_Trailing_Stop,3184.0,1.0389494995652448,4.309045226130677,-58.81205132449243,2.09305455850682,43.52159468438538,0,0.0
